Build started 09/08/2026 4:59:18 am.
Logging verbosity is set to: Detailed.     0>Terminal Logger was not used because the output is being redirected to a file.
       Process = "C:\Program Files\dotnet\dotnet.exe"
       MSBuild executable path = "C:\Program Files\dotnet\sdk\10.0.301\MSBuild.exe"
       Command line arguments = "C:\Program Files\dotnet\sdk\10.0.301\MSBuild.exe -maxcpucount --verbosity:m -tlp:default=auto --property:NuGetInteractive=false --restoreProperty:NuGetInteractive=false --restoreProperty:EnableDefaultCompileItems=false --restoreProperty:EnableDefaultEmbeddedResourceItems=false --restoreProperty:EnableDefaultNoneItems=false --nologo -fl -flp:logfile=build2.log -consoleloggerparameters:Summary -restore -distributedlogger:Microsoft.DotNet.Cli.Commands.MSBuild.MSBuildLogger,C:\Program Files\dotnet\sdk\10.0.301\dotnet.dll*Microsoft.DotNet.Cli.Commands.MSBuild.MSBuildForwardingLogger,C:\Program Files\dotnet\sdk\10.0.301\dotnet.dll"
       Current directory = "D:\Downloads\ParkingSystemProject 1 1\ParkingSystemProject 1 1\ParkingSystemProject 1\ParkingSystemProject"
       MSBuild version = "18.6.4+96856fd72"
       Based on the Windows registry key LongPathsEnabled, the LongPaths feature is disabled.
       Based on the Windows registry key VerifiedAndReputablePolicyState, SAC state = 0: turned off.
       D:\Downloads\ParkingSystemProject 1 1\ParkingSystemProject 1 1\ParkingSystemProject 1\ParkingSystemProject\ParkingSystemProject.slnx.metaproj : message : Property 'MSBuildExtensionsPath' with value 'C:\Program Files\dotnet\sdk\10.0.301\' expanded from the environment.
       Assembly loaded during Evaluation: System.Threading.Tasks.Parallel, Version=10.0.0.0, Culture=neutral, PublicKeyToken=b03f5f7f11d50a3a (location: C:\Program Files\dotnet\shared\Microsoft.NETCore.App\10.0.9\System.Threading.Tasks.Parallel.dll, MVID: 77ed1d0e-0329-4271-95d9-44c0c22f3576, AssemblyLoadContext: Default)
       The "NuGetInteractive" property is a global property, and cannot be modified.
       C:\Program Files\dotnet\sdk\10.0.301\NuGet.targets(125,5): message : Property reassignment: $(_GenerateRestoreGraphProjectEntryInputProperties)="
       C:\Program Files\dotnet\sdk\10.0.301\NuGet.targets(125,5): message :       ExcludeRestorePackageImports=true;
       C:\Program Files\dotnet\sdk\10.0.301\NuGet.targets(125,5): message :       _RestoreSolutionFileUsed=true;
       C:\Program Files\dotnet\sdk\10.0.301\NuGet.targets(125,5): message :       SolutionDir=D:\Downloads\ParkingSystemProject 1 1\ParkingSystemProject 1 1\ParkingSystemProject 1\ParkingSystemProject\;
       C:\Program Files\dotnet\sdk\10.0.301\NuGet.targets(125,5): message :       SolutionName=ParkingSystemProject;
       C:\Program Files\dotnet\sdk\10.0.301\NuGet.targets(125,5): message :       SolutionFileName=ParkingSystemProject.slnx;
       C:\Program Files\dotnet\sdk\10.0.301\NuGet.targets(125,5): message :       SolutionPath=D:\Downloads\ParkingSystemProject 1 1\ParkingSystemProject 1 1\ParkingSystemProject 1\ParkingSystemProject\ParkingSystemProject.slnx;
       C:\Program Files\dotnet\sdk\10.0.301\NuGet.targets(125,5): message :       SolutionExt=.slnx;
       C:\Program Files\dotnet\sdk\10.0.301\NuGet.targets(125,5): message :     " (previous value: "ExcludeRestorePackageImports=true") at C:\Program Files\dotnet\sdk\10.0.301\NuGet.targets (125,5)
       Assembly loaded during Evaluation: System.Numerics.Vectors, Version=10.0.0.0, Culture=neutral, PublicKeyToken=b03f5f7f11d50a3a (location: C:\Program Files\dotnet\shared\Microsoft.NETCore.App\10.0.9\System.Numerics.Vectors.dll, MVID: 7d6f384f-1a71-4b4b-ac59-7540bd058e33, AssemblyLoadContext: Default)
       Overriding target "Restore" in project "D:\Downloads\ParkingSystemProject 1 1\ParkingSystemProject 1 1\ParkingSystemProject 1\ParkingSystemProject\ParkingSystemProject.slnx.metaproj" with target "Restore" from project "C:\Program Files\dotnet\sdk\10.0.301\NuGet.targets".
       The target "_MTPBuild" listed in a BeforeTargets attribute at "C:\Program Files\dotnet\sdk\10.0.301\Current\SolutionFile\ImportAfter\Microsoft.NET.Sdk.Solution.targets (24,11)" does not exist in the project, and will be ignored.
       The target "Store" listed in a BeforeTargets attribute at "C:\Program Files\dotnet\sdk\10.0.301\Current\SolutionFile\ImportAfter\Microsoft.NET.Sdk.Solution.targets (33,11)" does not exist in the project, and will be ignored.
       The target "VSTest" listed in a BeforeTargets attribute at "C:\Program Files\dotnet\sdk\10.0.301\Current\SolutionFile\ImportAfter\Microsoft.NET.Sdk.Solution.targets (33,11)" does not exist in the project, and will be ignored.
       The target "_MTPBuild" listed in a BeforeTargets attribute at "C:\Program Files\dotnet\sdk\10.0.301\Current\SolutionFile\ImportAfter\Microsoft.NET.Sdk.Solution.targets (33,11)" does not exist in the project, and will be ignored.
       The target "_CheckForInvalidConfigurationAndPlatform" listed in a BeforeTargets attribute at "C:\Program Files\dotnet\sdk\10.0.301\NuGet.targets (705,11)" does not exist in the project, and will be ignored.
     1>Project "D:\Downloads\ParkingSystemProject 1 1\ParkingSystemProject 1 1\ParkingSystemProject 1\ParkingSystemProject\ParkingSystemProject.slnx" on node 1 (Restore target(s)).
     1>Target "ValidateSolutionConfiguration" in file "D:\Downloads\ParkingSystemProject 1 1\ParkingSystemProject 1 1\ParkingSystemProject 1\ParkingSystemProject\ParkingSystemProject.slnx.metaproj" from project "D:\Downloads\ParkingSystemProject 1 1\ParkingSystemProject 1 1\ParkingSystemProject 1\ParkingSystemProject\ParkingSystemProject.slnx" (entry point):
     1>Using "Message" task from assembly "Microsoft.Build.Tasks.Core, Version=15.1.0.0, Culture=neutral, PublicKeyToken=b03f5f7f11d50a3a".
       Task "Message"
         Building solution configuration "Debug|Any CPU".
       Done executing task "Message".
     1>Done building target "ValidateSolutionConfiguration" in project "ParkingSystemProject.slnx".
     1>Target "ValidateToolsVersions" in file "D:\Downloads\ParkingSystemProject 1 1\ParkingSystemProject 1 1\ParkingSystemProject 1\ParkingSystemProject\ParkingSystemProject.slnx.metaproj" from project "D:\Downloads\ParkingSystemProject 1 1\ParkingSystemProject 1 1\ParkingSystemProject 1\ParkingSystemProject\ParkingSystemProject.slnx" (entry point):
     1>Done building target "ValidateToolsVersions" in project "ParkingSystemProject.slnx".
     1>Target "ValidateProjects" in file "D:\Downloads\ParkingSystemProject 1 1\ParkingSystemProject 1 1\ParkingSystemProject 1\ParkingSystemProject\ParkingSystemProject.slnx.metaproj" from project "D:\Downloads\ParkingSystemProject 1 1\ParkingSystemProject 1 1\ParkingSystemProject 1\ParkingSystemProject\ParkingSystemProject.slnx" (entry point):
     1>Done building target "ValidateProjects" in project "ParkingSystemProject.slnx".
     1>Target "_LoadRestoreGraphEntryPoints" in file "C:\Program Files\dotnet\sdk\10.0.301\NuGet.targets" from project "D:\Downloads\ParkingSystemProject 1 1\ParkingSystemProject 1 1\ParkingSystemProject 1\ParkingSystemProject\ParkingSystemProject.slnx" (target "_FilterRestoreGraphProjectInputItems" depends on it):
       Assembly loaded during TaskRun: NuGet.Build.Tasks, Version=7.6.0.0, Culture=neutral, PublicKeyToken=31bf3856ad364e35 (location: C:\Program Files\dotnet\sdk\10.0.301\NuGet.Build.Tasks.dll, MVID: 1c089cef-a1a4-43dc-9d62-b837faefd103, AssemblyLoadContext: MSBuild plugin C:\Program Files\dotnet\sdk\10.0.301\NuGet.Build.Tasks.dll)
       Assembly loaded during TaskRun: System.Reflection.Metadata, Version=10.0.0.0, Culture=neutral, PublicKeyToken=b03f5f7f11d50a3a (location: C:\Program Files\dotnet\shared\Microsoft.NETCore.App\10.0.9\System.Reflection.Metadata.dll, MVID: fee19bb7-ddfb-4290-87be-e7bc54fce89b, AssemblyLoadContext: Default)
       Assembly loaded during TaskRun: System.Collections.NonGeneric, Version=10.0.0.0, Culture=neutral, PublicKeyToken=b03f5f7f11d50a3a (location: C:\Program Files\dotnet\shared\Microsoft.NETCore.App\10.0.9\System.Collections.NonGeneric.dll, MVID: bf4a2b58-78dc-45fe-a298-7b3e8ce578a5, AssemblyLoadContext: Default)
       Assembly loaded during TaskRun: NuGet.Common, Version=7.6.0.0, Culture=neutral, PublicKeyToken=31bf3856ad364e35 (location: C:\Program Files\dotnet\sdk\10.0.301\NuGet.Common.dll, MVID: 53441cde-b7f3-4aae-afad-7f9b356c0065, AssemblyLoadContext: MSBuild plugin C:\Program Files\dotnet\sdk\10.0.301\NuGet.Build.Tasks.dll)
       Assembly loaded during TaskRun: NuGet.Commands, Version=7.6.0.0, Culture=neutral, PublicKeyToken=31bf3856ad364e35 (location: C:\Program Files\dotnet\sdk\10.0.301\NuGet.Commands.dll, MVID: 2302114f-403d-4bfa-b635-3b465e2aebfc, AssemblyLoadContext: MSBuild plugin C:\Program Files\dotnet\sdk\10.0.301\NuGet.Build.Tasks.dll)
       Assembly loaded during TaskRun: NuGet.ProjectModel, Version=7.6.0.0, Culture=neutral, PublicKeyToken=31bf3856ad364e35 (location: C:\Program Files\dotnet\sdk\10.0.301\NuGet.ProjectModel.dll, MVID: 550796bb-cbe4-4dd4-b3ff-72635ea0e11e, AssemblyLoadContext: MSBuild plugin C:\Program Files\dotnet\sdk\10.0.301\NuGet.Build.Tasks.dll)
       Using "GetRestoreSolutionProjectsTask" task from assembly "C:\Program Files\dotnet\sdk\10.0.301\NuGet.Build.Tasks.dll".
       Task "GetRestoreSolutionProjectsTask"
       Done executing task "GetRestoreSolutionProjectsTask".
     1>Done building target "_LoadRestoreGraphEntryPoints" in project "ParkingSystemProject.slnx".
     1>Target "_FilterRestoreGraphProjectInputItems" in file "C:\Program Files\dotnet\sdk\10.0.301\NuGet.targets" from project "D:\Downloads\ParkingSystemProject 1 1\ParkingSystemProject 1 1\ParkingSystemProject 1\ParkingSystemProject\ParkingSystemProject.slnx" (target "_GenerateRestoreGraph" depends on it):
       Using "RemoveDuplicates" task from assembly "Microsoft.Build.Tasks.Core, Version=15.1.0.0, Culture=neutral, PublicKeyToken=b03f5f7f11d50a3a".
       Task "RemoveDuplicates"
       Done executing task "RemoveDuplicates".
       Using "MSBuild" task from assembly "Microsoft.Build.Tasks.Core, Version=15.1.0.0, Culture=neutral, PublicKeyToken=b03f5f7f11d50a3a".
       Task "MSBuild"
         Global Properties:
           ExcludeRestorePackageImports=true
           _RestoreSolutionFileUsed=true
           SolutionDir=D:\Downloads\ParkingSystemProject 1 1\ParkingSystemProject 1 1\ParkingSystemProject 1\ParkingSystemProject\
           SolutionName=ParkingSystemProject
           SolutionFileName=ParkingSystemProject.slnx
           SolutionPath=D:\Downloads\ParkingSystemProject 1 1\ParkingSystemProject 1 1\ParkingSystemProject 1\ParkingSystemProject\ParkingSystemProject.slnx
           SolutionExt=.slnx
         Additional Properties for project "D:\Downloads\ParkingSystemProject 1 1\ParkingSystemProject 1 1\ParkingSystemProject 1\ParkingSystemProject\ParkingSystemProject.vbproj":
           Configuration=Debug
           Platform=AnyCPU
     0>D:\Downloads\ParkingSystemProject 1 1\ParkingSystemProject 1 1\ParkingSystemProject 1\ParkingSystemProject\ParkingSystemProject.vbproj(3,92): message : Property 'MSBuildExtensionsPath' with value 'C:\Program Files\dotnet\sdk\10.0.301\' expanded from the environment.
       C:\Program Files\dotnet\sdk\10.0.301\Current\Microsoft.Common.props(60,5): message : Property reassignment: $(MSBuildProjectExtensionsPath)="D:\Downloads\ParkingSystemProject 1 1\ParkingSystemProject 1 1\ParkingSystemProject 1\ParkingSystemProject\obj\" (previous value: "obj\") at C:\Program Files\dotnet\sdk\10.0.301\Current\Microsoft.Common.props (60,5)
       C:\Program Files\dotnet\sdk\10.0.301\Current\Microsoft.Common.props(84,119): message : Property 'MSBuildUserExtensionsPath' with value 'C:\Users\reale\AppData\Local\Microsoft\MSBuild' expanded from the environment.
       The "Configuration" property is a global property, and cannot be modified.
       The "Platform" property is a global property, and cannot be modified.
       The "Configuration" property is a global property, and cannot be modified.
       The "Platform" property is a global property, and cannot be modified.
       C:\Program Files\dotnet\sdk\10.0.301\Microsoft.VisualBasic.CurrentVersion.targets(140,9): message : Property reassignment: $(FinalDefineConstants)="CONFIG="Debug",DEBUG=-1" (previous value: "CONFIG="Debug"") at C:\Program Files\dotnet\sdk\10.0.301\Microsoft.VisualBasic.CurrentVersion.targets (140,9)
       C:\Program Files\dotnet\sdk\10.0.301\Microsoft.VisualBasic.CurrentVersion.targets(141,9): message : Property reassignment: $(FinalDefineConstants)="CONFIG="Debug",DEBUG=-1,TRACE=-1" (previous value: "CONFIG="Debug",DEBUG=-1") at C:\Program Files\dotnet\sdk\10.0.301\Microsoft.VisualBasic.CurrentVersion.targets (141,9)
       C:\Program Files\dotnet\sdk\10.0.301\Microsoft.VisualBasic.CurrentVersion.targets(142,9): message : Property reassignment: $(FinalDefineConstants)="CONFIG="Debug",DEBUG=-1,TRACE=-1,_MyType="WindowsForms"" (previous value: "CONFIG="Debug",DEBUG=-1,TRACE=-1") at C:\Program Files\dotnet\sdk\10.0.301\Microsoft.VisualBasic.CurrentVersion.targets (142,9)
       C:\Program Files\dotnet\sdk\10.0.301\Microsoft.VisualBasic.CurrentVersion.targets(143,9): message : Property reassignment: $(FinalDefineConstants)="CONFIG="Debug",DEBUG=-1,TRACE=-1,_MyType="WindowsForms",PLATFORM="AnyCPU"" (previous value: "CONFIG="Debug",DEBUG=-1,TRACE=-1,_MyType="WindowsForms"") at C:\Program Files\dotnet\sdk\10.0.301\Microsoft.VisualBasic.CurrentVersion.targets (143,9)
       C:\Program Files\dotnet\sdk\10.0.301\Roslyn\Microsoft.VisualBasic.Core.targets(178,5): message : Property reassignment: $(CommandLineArgsForDesignTimeEvaluation)="-langversion: -define:CONFIG="Debug",DEBUG=-1,TRACE=-1,_MyType="WindowsForms",PLATFORM="AnyCPU"" (previous value: "-langversion:") at C:\Program Files\dotnet\sdk\10.0.301\Roslyn\Microsoft.VisualBasic.Core.targets (178,5)
       C:\Program Files\dotnet\sdk\10.0.301\Roslyn\Microsoft.VisualBasic.Core.targets(180,5): message : Property reassignment: $(CommandLineArgsForDesignTimeEvaluation)="-langversion: -define:CONFIG="Debug",DEBUG=-1,TRACE=-1,_MyType="WindowsForms",PLATFORM="AnyCPU" -doc:"ParkingSystemProject.xml"" (previous value: "-langversion: -define:CONFIG="Debug",DEBUG=-1,TRACE=-1,_MyType="WindowsForms",PLATFORM="AnyCPU"") at C:\Program Files\dotnet\sdk\10.0.301\Roslyn\Microsoft.VisualBasic.Core.targets (180,5)
       C:\Program Files\dotnet\sdk\10.0.301\Microsoft.NETFramework.CurrentVersion.props(117,5): message : Property reassignment: $(AvailablePlatforms)="Any CPU,x86,x64,ARM64" (previous value: "Any CPU,x86,x64") at C:\Program Files\dotnet\sdk\10.0.301\Microsoft.NETFramework.CurrentVersion.props (117,5)
       The "Platform" property is a global property, and cannot be modified.
       The "Configuration" property is a global property, and cannot be modified.
       C:\Program Files\dotnet\sdk\10.0.301\Microsoft.Common.CurrentVersion.targets(175,5): message : Property reassignment: $(_DebugSymbolsProduced)="true" (previous value: "false") at C:\Program Files\dotnet\sdk\10.0.301\Microsoft.Common.CurrentVersion.targets (175,5)
       The "SolutionName" property is a global property, and cannot be modified.
       The "SolutionFileName" property is a global property, and cannot be modified.
       The "SolutionPath" property is a global property, and cannot be modified.
       The "SolutionDir" property is a global property, and cannot be modified.
       The "SolutionExt" property is a global property, and cannot be modified.
       C:\Program Files\dotnet\sdk\10.0.301\Microsoft.Common.CurrentVersion.targets(392,5): message : Property reassignment: $(MSBuildCopyMarkerName)="ParkingS.F2BF9B4A" (previous value: "ParkingSystemProject.vbproj") at C:\Program Files\dotnet\sdk\10.0.301\Microsoft.Common.CurrentVersion.targets (392,5)
       C:\Program Files\dotnet\sdk\10.0.301\Microsoft.Common.CurrentVersion.targets(393,5): message : Property reassignment: $(MSBuildCopyMarkerName)="ParkingS.F2BF9B4A.Up2Date" (previous value: "ParkingS.F2BF9B4A") at C:\Program Files\dotnet\sdk\10.0.301\Microsoft.Common.CurrentVersion.targets (393,5)
       C:\Program Files\dotnet\sdk\10.0.301\Microsoft.Common.CurrentVersion.targets(527,5): message : Property reassignment: $(ProcessorArchitecture)="msil" (previous value: "AnyCPU") at C:\Program Files\dotnet\sdk\10.0.301\Microsoft.Common.CurrentVersion.targets (527,5)
       C:\Program Files\dotnet\sdk\10.0.301\Microsoft.Common.CurrentVersion.targets(580,5): message : Property reassignment: $(DelaySign)="" (previous value: "false") at C:\Program Files\dotnet\sdk\10.0.301\Microsoft.Common.CurrentVersion.targets (580,5)
       C:\Program Files\dotnet\sdk\10.0.301\Microsoft.Common.CurrentVersion.targets(649,5): message : Property reassignment: $(AssemblySearchPaths)="{CandidateAssemblyFiles};" (previous value: "{CandidateAssemblyFiles}") at C:\Program Files\dotnet\sdk\10.0.301\Microsoft.Common.CurrentVersion.targets (649,5)
       C:\Program Files\dotnet\sdk\10.0.301\Microsoft.Common.CurrentVersion.targets(650,5): message : Property reassignment: $(AssemblySearchPaths)="{CandidateAssemblyFiles};;{HintPathFromItem}" (previous value: "{CandidateAssemblyFiles};") at C:\Program Files\dotnet\sdk\10.0.301\Microsoft.Common.CurrentVersion.targets (650,5)
       C:\Program Files\dotnet\sdk\10.0.301\Microsoft.Common.CurrentVersion.targets(651,5): message : Property reassignment: $(AssemblySearchPaths)="{CandidateAssemblyFiles};;{HintPathFromItem};{TargetFrameworkDirectory}" (previous value: "{CandidateAssemblyFiles};;{HintPathFromItem}") at C:\Program Files\dotnet\sdk\10.0.301\Microsoft.Common.CurrentVersion.targets (651,5)
       C:\Program Files\dotnet\sdk\10.0.301\Microsoft.Common.CurrentVersion.targets(652,5): message : Property reassignment: $(AssemblySearchPaths)="{CandidateAssemblyFiles};;{HintPathFromItem};{TargetFrameworkDirectory};" (previous value: "{CandidateAssemblyFiles};;{HintPathFromItem};{TargetFrameworkDirectory}") at C:\Program Files\dotnet\sdk\10.0.301\Microsoft.Common.CurrentVersion.targets (652,5)
       C:\Program Files\dotnet\sdk\10.0.301\Microsoft.Common.CurrentVersion.targets(653,5): message : Property reassignment: $(AssemblySearchPaths)="{CandidateAssemblyFiles};;{HintPathFromItem};{TargetFrameworkDirectory};;{Registry:Software\Microsoft\.NETFramework,v4.7.2,AssemblyFoldersEx}" (previous value: "{CandidateAssemblyFiles};;{HintPathFromItem};{TargetFrameworkDirectory};") at C:\Program Files\dotnet\sdk\10.0.301\Microsoft.Common.CurrentVersion.targets (653,5)
       C:\Program Files\dotnet\sdk\10.0.301\Microsoft.Common.CurrentVersion.targets(654,5): message : Property reassignment: $(AssemblySearchPaths)="{CandidateAssemblyFiles};;{HintPathFromItem};{TargetFrameworkDirectory};;{Registry:Software\Microsoft\.NETFramework,v4.7.2,AssemblyFoldersEx};{AssemblyFolders}" (previous value: "{CandidateAssemblyFiles};;{HintPathFromItem};{TargetFrameworkDirectory};;{Registry:Software\Microsoft\.NETFramework,v4.7.2,AssemblyFoldersEx}") at C:\Program Files\dotnet\sdk\10.0.301\Microsoft.Common.CurrentVersion.targets (654,5)
       C:\Program Files\dotnet\sdk\10.0.301\Microsoft.Common.CurrentVersion.targets(655,5): message : Property reassignment: $(AssemblySearchPaths)="{CandidateAssemblyFiles};;{HintPathFromItem};{TargetFrameworkDirectory};;{Registry:Software\Microsoft\.NETFramework,v4.7.2,AssemblyFoldersEx};{AssemblyFolders};{GAC}" (previous value: "{CandidateAssemblyFiles};;{HintPathFromItem};{TargetFrameworkDirectory};;{Registry:Software\Microsoft\.NETFramework,v4.7.2,AssemblyFoldersEx};{AssemblyFolders}") at C:\Program Files\dotnet\sdk\10.0.301\Microsoft.Common.CurrentVersion.targets (655,5)
       C:\Program Files\dotnet\sdk\10.0.301\Microsoft.Common.CurrentVersion.targets(656,5): message : Property reassignment: $(AssemblySearchPaths)="{CandidateAssemblyFiles};;{HintPathFromItem};{TargetFrameworkDirectory};;{Registry:Software\Microsoft\.NETFramework,v4.7.2,AssemblyFoldersEx};{AssemblyFolders};{GAC};{RawFileName}" (previous value: "{CandidateAssemblyFiles};;{HintPathFromItem};{TargetFrameworkDirectory};;{Registry:Software\Microsoft\.NETFramework,v4.7.2,AssemblyFoldersEx};{AssemblyFolders};{GAC}") at C:\Program Files\dotnet\sdk\10.0.301\Microsoft.Common.CurrentVersion.targets (656,5)
       C:\Program Files\dotnet\sdk\10.0.301\Microsoft.Common.CurrentVersion.targets(657,5): message : Property reassignment: $(AssemblySearchPaths)="{CandidateAssemblyFiles};;{HintPathFromItem};{TargetFrameworkDirectory};;{Registry:Software\Microsoft\.NETFramework,v4.7.2,AssemblyFoldersEx};{AssemblyFolders};{GAC};{RawFileName};bin\Debug\" (previous value: "{CandidateAssemblyFiles};;{HintPathFromItem};{TargetFrameworkDirectory};;{Registry:Software\Microsoft\.NETFramework,v4.7.2,AssemblyFoldersEx};{AssemblyFolders};{GAC};{RawFileName}") at C:\Program Files\dotnet\sdk\10.0.301\Microsoft.Common.CurrentVersion.targets (657,5)
       C:\Program Files\dotnet\sdk\10.0.301\Microsoft.Common.CurrentVersion.targets(2622,5): message : Property 'LOCALAPPDATA' with value 'C:\Users\reale\AppData\Local' expanded from the environment.
       C:\Program Files\dotnet\sdk\10.0.301\Microsoft.Common.CurrentVersion.targets(3950,5): message : Property reassignment: $(_SGenGenerateSerializationAssembliesConfig)="Auto" (previous value: "") at C:\Program Files\dotnet\sdk\10.0.301\Microsoft.Common.CurrentVersion.targets (3950,5)
       C:\Program Files\dotnet\sdk\10.0.301\Microsoft.Common.CurrentVersion.targets(3951,5): message : Property reassignment: $(_SGenGenerateSerializationAssembliesConfig)="Off" (previous value: "Auto") at C:\Program Files\dotnet\sdk\10.0.301\Microsoft.Common.CurrentVersion.targets (3951,5)
       C:\Program Files\dotnet\sdk\10.0.301\Microsoft.Common.CurrentVersion.targets(5162,5): message : Property reassignment: $(_TargetsThatPrepareProjectReferences)="
       C:\Program Files\dotnet\sdk\10.0.301\Microsoft.Common.CurrentVersion.targets(5162,5): message :       AssignProjectConfiguration;
       C:\Program Files\dotnet\sdk\10.0.301\Microsoft.Common.CurrentVersion.targets(5162,5): message :       _SplitProjectReferencesByFileExistence
       C:\Program Files\dotnet\sdk\10.0.301\Microsoft.Common.CurrentVersion.targets(5162,5): message :     " (previous value: "_SplitProjectReferencesByFileExistence") at C:\Program Files\dotnet\sdk\10.0.301\Microsoft.Common.CurrentVersion.targets (5162,5)
       C:\Program Files\dotnet\sdk\10.0.301\Microsoft.Common.CurrentVersion.targets(6975,5): message : Property 'MSBuildExtensionsPath32' with value 'C:\Program Files\dotnet\sdk\10.0.301' expanded from the environment.
       C:\Program Files\dotnet\sdk\10.0.301\Microsoft.NETFramework.CurrentVersion.targets(74,5): message : Property reassignment: $(ResolveReferencesDependsOn)="
       C:\Program Files\dotnet\sdk\10.0.301\Microsoft.NETFramework.CurrentVersion.targets(74,5): message :       
       C:\Program Files\dotnet\sdk\10.0.301\Microsoft.NETFramework.CurrentVersion.targets(74,5): message :       BeforeResolveReferences;
       C:\Program Files\dotnet\sdk\10.0.301\Microsoft.NETFramework.CurrentVersion.targets(74,5): message :       AssignProjectConfiguration;
       C:\Program Files\dotnet\sdk\10.0.301\Microsoft.NETFramework.CurrentVersion.targets(74,5): message :       ResolveProjectReferences;
       C:\Program Files\dotnet\sdk\10.0.301\Microsoft.NETFramework.CurrentVersion.targets(74,5): message :       FindInvalidProjectReferences;
       C:\Program Files\dotnet\sdk\10.0.301\Microsoft.NETFramework.CurrentVersion.targets(74,5): message :       ResolveNativeReferences;
       C:\Program Files\dotnet\sdk\10.0.301\Microsoft.NETFramework.CurrentVersion.targets(74,5): message :       ResolveAssemblyReferences;
       C:\Program Files\dotnet\sdk\10.0.301\Microsoft.NETFramework.CurrentVersion.targets(74,5): message :       GenerateBindingRedirects;
       C:\Program Files\dotnet\sdk\10.0.301\Microsoft.NETFramework.CurrentVersion.targets(74,5): message :       GenerateBindingRedirectsUpdateAppConfig;
       C:\Program Files\dotnet\sdk\10.0.301\Microsoft.NETFramework.CurrentVersion.targets(74,5): message :       ResolveComReferences;
       C:\Program Files\dotnet\sdk\10.0.301\Microsoft.NETFramework.CurrentVersion.targets(74,5): message :       AfterResolveReferences
       C:\Program Files\dotnet\sdk\10.0.301\Microsoft.NETFramework.CurrentVersion.targets(74,5): message :     ;
       C:\Program Files\dotnet\sdk\10.0.301\Microsoft.NETFramework.CurrentVersion.targets(74,5): message :       ImplicitlyExpandDesignTimeFacades
       C:\Program Files\dotnet\sdk\10.0.301\Microsoft.NETFramework.CurrentVersion.targets(74,5): message :     " (previous value: "
       C:\Program Files\dotnet\sdk\10.0.301\Microsoft.NETFramework.CurrentVersion.targets(74,5): message :       BeforeResolveReferences;
       C:\Program Files\dotnet\sdk\10.0.301\Microsoft.NETFramework.CurrentVersion.targets(74,5): message :       AssignProjectConfiguration;
       C:\Program Files\dotnet\sdk\10.0.301\Microsoft.NETFramework.CurrentVersion.targets(74,5): message :       ResolveProjectReferences;
       C:\Program Files\dotnet\sdk\10.0.301\Microsoft.NETFramework.CurrentVersion.targets(74,5): message :       FindInvalidProjectReferences;
       C:\Program Files\dotnet\sdk\10.0.301\Microsoft.NETFramework.CurrentVersion.targets(74,5): message :       ResolveNativeReferences;
       C:\Program Files\dotnet\sdk\10.0.301\Microsoft.NETFramework.CurrentVersion.targets(74,5): message :       ResolveAssemblyReferences;
       C:\Program Files\dotnet\sdk\10.0.301\Microsoft.NETFramework.CurrentVersion.targets(74,5): message :       GenerateBindingRedirects;
       C:\Program Files\dotnet\sdk\10.0.301\Microsoft.NETFramework.CurrentVersion.targets(74,5): message :       GenerateBindingRedirectsUpdateAppConfig;
       C:\Program Files\dotnet\sdk\10.0.301\Microsoft.NETFramework.CurrentVersion.targets(74,5): message :       ResolveComReferences;
       C:\Program Files\dotnet\sdk\10.0.301\Microsoft.NETFramework.CurrentVersion.targets(74,5): message :       AfterResolveReferences
       C:\Program Files\dotnet\sdk\10.0.301\Microsoft.NETFramework.CurrentVersion.targets(74,5): message :     ") at C:\Program Files\dotnet\sdk\10.0.301\Microsoft.NETFramework.CurrentVersion.targets (74,5)
       The "_RestoreSolutionFileUsed" property is a global property, and cannot be modified.
       The "NuGetInteractive" property is a global property, and cannot be modified.
       C:\Program Files\dotnet\sdk\10.0.301\NuGet.targets(125,5): message : Property reassignment: $(_GenerateRestoreGraphProjectEntryInputProperties)="
       C:\Program Files\dotnet\sdk\10.0.301\NuGet.targets(125,5): message :       ExcludeRestorePackageImports=true;
       C:\Program Files\dotnet\sdk\10.0.301\NuGet.targets(125,5): message :       _RestoreSolutionFileUsed=true;
       C:\Program Files\dotnet\sdk\10.0.301\NuGet.targets(125,5): message :       SolutionDir=D:\Downloads\ParkingSystemProject 1 1\ParkingSystemProject 1 1\ParkingSystemProject 1\ParkingSystemProject\;
       C:\Program Files\dotnet\sdk\10.0.301\NuGet.targets(125,5): message :       SolutionName=ParkingSystemProject;
       C:\Program Files\dotnet\sdk\10.0.301\NuGet.targets(125,5): message :       SolutionFileName=ParkingSystemProject.slnx;
       C:\Program Files\dotnet\sdk\10.0.301\NuGet.targets(125,5): message :       SolutionPath=D:\Downloads\ParkingSystemProject 1 1\ParkingSystemProject 1 1\ParkingSystemProject 1\ParkingSystemProject\ParkingSystemProject.slnx;
       C:\Program Files\dotnet\sdk\10.0.301\NuGet.targets(125,5): message :       SolutionExt=.slnx;
       C:\Program Files\dotnet\sdk\10.0.301\NuGet.targets(125,5): message :     " (previous value: "ExcludeRestorePackageImports=true") at C:\Program Files\dotnet\sdk\10.0.301\NuGet.targets (125,5)
       Overriding target "GetFrameworkPaths" in project "C:\Program Files\dotnet\sdk\10.0.301\Microsoft.Common.CurrentVersion.targets" with target "GetFrameworkPaths" from project "C:\Program Files\dotnet\sdk\10.0.301\Microsoft.NETFramework.CurrentVersion.targets".
       The target "ResolveNuGetPackageAssets" listed in an AfterTargets attribute at "C:\Program Files\dotnet\sdk\10.0.301\Microsoft\Microsoft.NET.Build.Extensions\Microsoft.NET.Build.Extensions.ConflictResolution.targets (27,11)" does not exist in the project, and will be ignored.
     1>Project "D:\Downloads\ParkingSystemProject 1 1\ParkingSystemProject 1 1\ParkingSystemProject 1\ParkingSystemProject\ParkingSystemProject.slnx" (1) is building "D:\Downloads\ParkingSystemProject 1 1\ParkingSystemProject 1 1\ParkingSystemProject 1\ParkingSystemProject\ParkingSystemProject.vbproj" (2) on node 1 (_IsProjectRestoreSupported target(s)).
     2>Project file contains ToolsVersion="15.0". This toolset may be unknown or missing, in which case you may be able to resolve this by installing the appropriate version of MSBuild, or the build may have been forced to a particular ToolsVersion for policy reasons. Treating the project as if it had ToolsVersion="Current". For more information, please see http://go.microsoft.com/fwlink/?LinkId=293424.
     2>Target "_IsProjectRestoreSupported" in file "C:\Program Files\dotnet\sdk\10.0.301\NuGet.targets" from project "D:\Downloads\ParkingSystemProject 1 1\ParkingSystemProject 1 1\ParkingSystemProject 1\ParkingSystemProject\ParkingSystemProject.vbproj" (entry point):
     2>Done building target "_IsProjectRestoreSupported" in project "ParkingSystemProject.vbproj".
     2>Done Building Project "D:\Downloads\ParkingSystemProject 1 1\ParkingSystemProject 1 1\ParkingSystemProject 1\ParkingSystemProject\ParkingSystemProject.vbproj" (_IsProjectRestoreSupported target(s)).
     1>Done executing task "MSBuild".
       Using "WarnForInvalidProjectsTask" task from assembly "C:\Program Files\dotnet\sdk\10.0.301\NuGet.Build.Tasks.dll".
       Task "WarnForInvalidProjectsTask"
       Done executing task "WarnForInvalidProjectsTask".
     1>Done building target "_FilterRestoreGraphProjectInputItems" in project "ParkingSystemProject.slnx".
       Target "_FilterRestoreGraphProjectInputItems" skipped. Previously built successfully.
     1>Target "_GetAllRestoreProjectPathItems" in file "C:\Program Files\dotnet\sdk\10.0.301\NuGet.targets" from project "D:\Downloads\ParkingSystemProject 1 1\ParkingSystemProject 1 1\ParkingSystemProject 1\ParkingSystemProject\ParkingSystemProject.slnx" (target "_GenerateRestoreGraph" depends on it):
       Using "NuGetMessageTask" task from assembly "C:\Program Files\dotnet\sdk\10.0.301\NuGet.Build.Tasks.dll".
       Task "NuGetMessageTask"
         Determining projects to restore...
       Done executing task "NuGetMessageTask".
       Task "MSBuild"
         Global Properties:
           ExcludeRestorePackageImports=true
           _RestoreSolutionFileUsed=true
           SolutionDir=D:\Downloads\ParkingSystemProject 1 1\ParkingSystemProject 1 1\ParkingSystemProject 1\ParkingSystemProject\
           SolutionName=ParkingSystemProject
           SolutionFileName=ParkingSystemProject.slnx
           SolutionPath=D:\Downloads\ParkingSystemProject 1 1\ParkingSystemProject 1 1\ParkingSystemProject 1\ParkingSystemProject\ParkingSystemProject.slnx
           SolutionExt=.slnx
         Additional Properties for project "D:\Downloads\ParkingSystemProject 1 1\ParkingSystemProject 1 1\ParkingSystemProject 1\ParkingSystemProject\ParkingSystemProject.vbproj":
           Configuration=Debug
           Platform=AnyCPU
     1>Project "D:\Downloads\ParkingSystemProject 1 1\ParkingSystemProject 1 1\ParkingSystemProject 1\ParkingSystemProject\ParkingSystemProject.slnx" (1) is building "D:\Downloads\ParkingSystemProject 1 1\ParkingSystemProject 1 1\ParkingSystemProject 1\ParkingSystemProject\ParkingSystemProject.vbproj" (2:2) on node 1 (_GenerateRestoreProjectPathWalk target(s)).
   2:2>Project file contains ToolsVersion="15.0". This toolset may be unknown or missing, in which case you may be able to resolve this by installing the appropriate version of MSBuild, or the build may have been forced to a particular ToolsVersion for policy reasons. Treating the project as if it had ToolsVersion="Current". For more information, please see http://go.microsoft.com/fwlink/?LinkId=293424.
   2:2>Target "_GenerateRestoreProjectPathItemsPerFramework" in file "C:\Program Files\dotnet\sdk\10.0.301\NuGet.targets" from project "D:\Downloads\ParkingSystemProject 1 1\ParkingSystemProject 1 1\ParkingSystemProject 1\ParkingSystemProject\ParkingSystemProject.vbproj" (target "_GenerateRestoreProjectPathItemsCurrentProject" depends on it):
       Using "ConvertToAbsolutePath" task from assembly "Microsoft.Build.Tasks.Core, Version=15.1.0.0, Culture=neutral, PublicKeyToken=b03f5f7f11d50a3a".
       Task "ConvertToAbsolutePath"
       Done executing task "ConvertToAbsolutePath".
   2:2>Done building target "_GenerateRestoreProjectPathItemsPerFramework" in project "ParkingSystemProject.vbproj".
   2:2>Target "_GenerateRestoreProjectPathItemsCurrentProject" in file "C:\Program Files\dotnet\sdk\10.0.301\NuGet.targets" from project "D:\Downloads\ParkingSystemProject 1 1\ParkingSystemProject 1 1\ParkingSystemProject 1\ParkingSystemProject\ParkingSystemProject.vbproj" (target "_GenerateRestoreProjectPathItems" depends on it):
   2:2>Done building target "_GenerateRestoreProjectPathItemsCurrentProject" in project "ParkingSystemProject.vbproj".
   2:2>Target "_GenerateRestoreProjectPathItems" in file "C:\Program Files\dotnet\sdk\10.0.301\NuGet.targets" from project "D:\Downloads\ParkingSystemProject 1 1\ParkingSystemProject 1 1\ParkingSystemProject 1\ParkingSystemProject\ParkingSystemProject.vbproj" (target "_GenerateRestoreProjectPathWalk" depends on it):
       Using "RemoveDuplicates" task from assembly "Microsoft.Build.Tasks.Core, Version=15.1.0.0, Culture=neutral, PublicKeyToken=b03f5f7f11d50a3a".
       Task "RemoveDuplicates"
       Done executing task "RemoveDuplicates".
   2:2>Done building target "_GenerateRestoreProjectPathItems" in project "ParkingSystemProject.vbproj".
   2:2>Target "_GenerateRestoreProjectPathWalk" in file "C:\Program Files\dotnet\sdk\10.0.301\NuGet.targets" from project "D:\Downloads\ParkingSystemProject 1 1\ParkingSystemProject 1 1\ParkingSystemProject 1\ParkingSystemProject\ParkingSystemProject.vbproj" (entry point):
       Using "MSBuild" task from assembly "Microsoft.Build.Tasks.Core, Version=15.1.0.0, Culture=neutral, PublicKeyToken=b03f5f7f11d50a3a".
       Task "MSBuild"
       Done executing task "MSBuild".
       Task "RemoveDuplicates"
       Done executing task "RemoveDuplicates".
   2:2>Done building target "_GenerateRestoreProjectPathWalk" in project "ParkingSystemProject.vbproj".
   2:2>Done Building Project "D:\Downloads\ParkingSystemProject 1 1\ParkingSystemProject 1 1\ParkingSystemProject 1\ParkingSystemProject\ParkingSystemProject.vbproj" (_GenerateRestoreProjectPathWalk target(s)).
     1>Done executing task "MSBuild".
       Task "RemoveDuplicates"
       Done executing task "RemoveDuplicates".
       Task "MSBuild"
         Global Properties:
           ExcludeRestorePackageImports=true
           _RestoreSolutionFileUsed=true
           SolutionDir=D:\Downloads\ParkingSystemProject 1 1\ParkingSystemProject 1 1\ParkingSystemProject 1\ParkingSystemProject\
           SolutionName=ParkingSystemProject
           SolutionFileName=ParkingSystemProject.slnx
           SolutionPath=D:\Downloads\ParkingSystemProject 1 1\ParkingSystemProject 1 1\ParkingSystemProject 1\ParkingSystemProject\ParkingSystemProject.slnx
           SolutionExt=.slnx
         Additional Properties for project "D:\Downloads\ParkingSystemProject 1 1\ParkingSystemProject 1 1\ParkingSystemProject 1\ParkingSystemProject\ParkingSystemProject.vbproj":
           Configuration=Debug
           Platform=AnyCPU
     1>Project "D:\Downloads\ParkingSystemProject 1 1\ParkingSystemProject 1 1\ParkingSystemProject 1\ParkingSystemProject\ParkingSystemProject.slnx" (1) is building "D:\Downloads\ParkingSystemProject 1 1\ParkingSystemProject 1 1\ParkingSystemProject 1\ParkingSystemProject\ParkingSystemProject.vbproj" (2:3) on node 1 (_IsProjectRestoreSupported target(s)).
   2:3>Target "_IsProjectRestoreSupported" skipped. Previously built successfully.
   2:3>Done Building Project "D:\Downloads\ParkingSystemProject 1 1\ParkingSystemProject 1 1\ParkingSystemProject 1\ParkingSystemProject\ParkingSystemProject.vbproj" (_IsProjectRestoreSupported target(s)).
     1>Done executing task "MSBuild".
     1>Done building target "_GetAllRestoreProjectPathItems" in project "ParkingSystemProject.slnx".
     1>Target "_GenerateRestoreGraph" in file "C:\Program Files\dotnet\sdk\10.0.301\NuGet.targets" from project "D:\Downloads\ParkingSystemProject 1 1\ParkingSystemProject 1 1\ParkingSystemProject 1\ParkingSystemProject\ParkingSystemProject.slnx" (target "Restore" depends on it):
       Task "Message"
         Generating dg file
       Done executing task "Message".
       Task "Message"
         D:\Downloads\ParkingSystemProject 1 1\ParkingSystemProject 1 1\ParkingSystemProject 1\ParkingSystemProject\ParkingSystemProject.vbproj
       Done executing task "Message".
       Task "MSBuild"
         Global Properties:
           ExcludeRestorePackageImports=true
           _RestoreSolutionFileUsed=true
           SolutionDir=D:\Downloads\ParkingSystemProject 1 1\ParkingSystemProject 1 1\ParkingSystemProject 1\ParkingSystemProject\
           SolutionName=ParkingSystemProject
           SolutionFileName=ParkingSystemProject.slnx
           SolutionPath=D:\Downloads\ParkingSystemProject 1 1\ParkingSystemProject 1 1\ParkingSystemProject 1\ParkingSystemProject\ParkingSystemProject.slnx
           SolutionExt=.slnx
         Additional Properties for project "D:\Downloads\ParkingSystemProject 1 1\ParkingSystemProject 1 1\ParkingSystemProject 1\ParkingSystemProject\ParkingSystemProject.vbproj":
           Configuration=Debug
           Platform=AnyCPU
     1>Project "D:\Downloads\ParkingSystemProject 1 1\ParkingSystemProject 1 1\ParkingSystemProject 1\ParkingSystemProject\ParkingSystemProject.slnx" (1) is building "D:\Downloads\ParkingSystemProject 1 1\ParkingSystemProject 1 1\ParkingSystemProject 1\ParkingSystemProject\ParkingSystemProject.vbproj" (2:4) on node 1 (_GenerateRestoreGraphProjectEntry target(s)).
   2:4>Project file contains ToolsVersion="15.0". This toolset may be unknown or missing, in which case you may be able to resolve this by installing the appropriate version of MSBuild, or the build may have been forced to a particular ToolsVersion for policy reasons. Treating the project as if it had ToolsVersion="Current". For more information, please see http://go.microsoft.com/fwlink/?LinkId=293424.
   2:4>Target "CollectPackageReferences" in file "C:\Program Files\dotnet\sdk\10.0.301\NuGet.targets" from project "D:\Downloads\ParkingSystemProject 1 1\ParkingSystemProject 1 1\ParkingSystemProject 1\ParkingSystemProject\ParkingSystemProject.vbproj" (target "_GetRestoreProjectStyle" depends on it):
       Using "CheckForDuplicateNuGetItemsTask" task from assembly "C:\Program Files\dotnet\sdk\10.0.301\NuGet.Build.Tasks.dll".
       Task "CheckForDuplicateNuGetItemsTask"
       Done executing task "CheckForDuplicateNuGetItemsTask".
   2:4>Done building target "CollectPackageReferences" in project "ParkingSystemProject.vbproj".
   2:4>Target "_GetRestoreProjectStyle" in file "C:\Program Files\dotnet\sdk\10.0.301\NuGet.targets" from project "D:\Downloads\ParkingSystemProject 1 1\ParkingSystemProject 1 1\ParkingSystemProject 1\ParkingSystemProject\ParkingSystemProject.vbproj" (target "_GenerateRestoreSpecs" depends on it):
       Using "GetRestoreProjectStyleTask" task from assembly "C:\Program Files\dotnet\sdk\10.0.301\NuGet.Build.Tasks.dll".
       Task "GetRestoreProjectStyleTask"
       Done executing task "GetRestoreProjectStyleTask".
   2:4>Done building target "_GetRestoreProjectStyle" in project "ParkingSystemProject.vbproj".
   2:4>Target "_GenerateRestoreSpecs" in file "C:\Program Files\dotnet\sdk\10.0.301\NuGet.targets" from project "D:\Downloads\ParkingSystemProject 1 1\ParkingSystemProject 1 1\ParkingSystemProject 1\ParkingSystemProject\ParkingSystemProject.vbproj" (target "_GenerateRestoreGraphProjectEntry" depends on it):
       Using "Message" task from assembly "Microsoft.Build.Tasks.Core, Version=15.1.0.0, Culture=neutral, PublicKeyToken=b03f5f7f11d50a3a".
       Task "Message"
         Restore entry point D:\Downloads\ParkingSystemProject 1 1\ParkingSystemProject 1 1\ParkingSystemProject 1\ParkingSystemProject\ParkingSystemProject.vbproj
       Done executing task "Message".
   2:4>Done building target "_GenerateRestoreSpecs" in project "ParkingSystemProject.vbproj".
   2:4>Target "_GetRestoreSettingsOverrides" in file "C:\Program Files\dotnet\sdk\10.0.301\NuGet.targets" from project "D:\Downloads\ParkingSystemProject 1 1\ParkingSystemProject 1 1\ParkingSystemProject 1\ParkingSystemProject\ParkingSystemProject.vbproj" (target "_GetRestoreSettings" depends on it):
   2:4>Done building target "_GetRestoreSettingsOverrides" in project "ParkingSystemProject.vbproj".
   2:4>Target "_GetRestoreSettingsPerFramework" in file "C:\Program Files\dotnet\sdk\10.0.301\NuGet.targets" from project "D:\Downloads\ParkingSystemProject 1 1\ParkingSystemProject 1 1\ParkingSystemProject 1\ParkingSystemProject\ParkingSystemProject.vbproj" (target "_GetRestoreSettingsCurrentProject" depends on it):
   2:4>Done building target "_GetRestoreSettingsPerFramework" in project "ParkingSystemProject.vbproj".
   2:4>Target "_GetRestoreSettingsCurrentProject" in file "C:\Program Files\dotnet\sdk\10.0.301\NuGet.targets" from project "D:\Downloads\ParkingSystemProject 1 1\ParkingSystemProject 1 1\ParkingSystemProject 1\ParkingSystemProject\ParkingSystemProject.vbproj" (target "_GetRestoreSettings" depends on it):
   2:4>Done building target "_GetRestoreSettingsCurrentProject" in project "ParkingSystemProject.vbproj".
   2:4>Target "_GetRestoreSettings" in file "C:\Program Files\dotnet\sdk\10.0.301\NuGet.targets" from project "D:\Downloads\ParkingSystemProject 1 1\ParkingSystemProject 1 1\ParkingSystemProject 1\ParkingSystemProject\ParkingSystemProject.vbproj" (target "_GenerateDotnetCliToolReferenceSpecs" depends on it):
       Using "GetRestoreSettingsTask" task from assembly "C:\Program Files\dotnet\sdk\10.0.301\NuGet.Build.Tasks.dll".
       Task "GetRestoreSettingsTask"
         Assembly loaded during TaskRun (NuGet.Build.Tasks.GetRestoreSettingsTask): NuGet.Configuration, Version=7.6.0.0, Culture=neutral, PublicKeyToken=31bf3856ad364e35 (location: C:\Program Files\dotnet\sdk\10.0.301\NuGet.Configuration.dll, MVID: 42b9ed18-367b-420d-814c-ef54f7ca5f66, AssemblyLoadContext: MSBuild plugin C:\Program Files\dotnet\sdk\10.0.301\NuGet.Build.Tasks.dll)
       Done executing task "GetRestoreSettingsTask".
   2:4>Done building target "_GetRestoreSettings" in project "ParkingSystemProject.vbproj".
   2:4>Target "_GenerateDotnetCliToolReferenceSpecs" in file "C:\Program Files\dotnet\sdk\10.0.301\NuGet.targets" from project "D:\Downloads\ParkingSystemProject 1 1\ParkingSystemProject 1 1\ParkingSystemProject 1\ParkingSystemProject\ParkingSystemProject.vbproj" (target "_GenerateRestoreGraphProjectEntry" depends on it):
       Using "GetRestoreDotnetCliToolsTask" task from assembly "C:\Program Files\dotnet\sdk\10.0.301\NuGet.Build.Tasks.dll".
       Task "GetRestoreDotnetCliToolsTask"
       Done executing task "GetRestoreDotnetCliToolsTask".
   2:4>Done building target "_GenerateDotnetCliToolReferenceSpecs" in project "ParkingSystemProject.vbproj".
   2:4>Target "_GenerateRestoreGraphProjectEntry" in file "C:\Program Files\dotnet\sdk\10.0.301\NuGet.targets" from project "D:\Downloads\ParkingSystemProject 1 1\ParkingSystemProject 1 1\ParkingSystemProject 1\ParkingSystemProject\ParkingSystemProject.vbproj" (entry point):
   2:4>Done building target "_GenerateRestoreGraphProjectEntry" in project "ParkingSystemProject.vbproj".
   2:4>Done Building Project "D:\Downloads\ParkingSystemProject 1 1\ParkingSystemProject 1 1\ParkingSystemProject 1\ParkingSystemProject\ParkingSystemProject.vbproj" (_GenerateRestoreGraphProjectEntry target(s)).
     1>Done executing task "MSBuild".
       Task "MSBuild"
         Global Properties:
           ExcludeRestorePackageImports=true
           _RestoreSolutionFileUsed=true
           SolutionDir=D:\Downloads\ParkingSystemProject 1 1\ParkingSystemProject 1 1\ParkingSystemProject 1\ParkingSystemProject\
           SolutionName=ParkingSystemProject
           SolutionFileName=ParkingSystemProject.slnx
           SolutionPath=D:\Downloads\ParkingSystemProject 1 1\ParkingSystemProject 1 1\ParkingSystemProject 1\ParkingSystemProject\ParkingSystemProject.slnx
           SolutionExt=.slnx
         Additional Properties for project "D:\Downloads\ParkingSystemProject 1 1\ParkingSystemProject 1 1\ParkingSystemProject 1\ParkingSystemProject\ParkingSystemProject.vbproj":
           Configuration=Debug
           Platform=AnyCPU
     1>Project "D:\Downloads\ParkingSystemProject 1 1\ParkingSystemProject 1 1\ParkingSystemProject 1\ParkingSystemProject\ParkingSystemProject.slnx" (1) is building "D:\Downloads\ParkingSystemProject 1 1\ParkingSystemProject 1 1\ParkingSystemProject 1\ParkingSystemProject\ParkingSystemProject.vbproj" (2:5) on node 1 (_GenerateProjectRestoreGraph target(s)).
   2:5>Project file contains ToolsVersion="15.0". This toolset may be unknown or missing, in which case you may be able to resolve this by installing the appropriate version of MSBuild, or the build may have been forced to a particular ToolsVersion for policy reasons. Treating the project as if it had ToolsVersion="Current". For more information, please see http://go.microsoft.com/fwlink/?LinkId=293424.
       Target "_GetRestoreProjectStyle" skipped. Previously built successfully.
       Target "_GetRestoreProjectStyle" skipped. Previously built successfully.
       Target "_GetRestoreProjectStyle" skipped. Previously built successfully.
   2:5>Target "_GetRestoreTargetFrameworkOverride" in file "C:\Program Files\dotnet\sdk\10.0.301\NuGet.targets" from project "D:\Downloads\ParkingSystemProject 1 1\ParkingSystemProject 1 1\ParkingSystemProject 1\ParkingSystemProject\ParkingSystemProject.vbproj" (target "_GetRestoreTargetFrameworksOutput" depends on it):
   2:5>Done building target "_GetRestoreTargetFrameworkOverride" in project "ParkingSystemProject.vbproj".
   2:5>Target "_GetRestoreTargetFrameworksOutput" in file "C:\Program Files\dotnet\sdk\10.0.301\NuGet.targets" from project "D:\Downloads\ParkingSystemProject 1 1\ParkingSystemProject 1 1\ParkingSystemProject 1\ParkingSystemProject\ParkingSystemProject.vbproj" (target "_GenerateRestoreProjectSpec" depends on it):
       Using "GetProjectTargetFrameworksTask" task from assembly "C:\Program Files\dotnet\sdk\10.0.301\NuGet.Build.Tasks.dll".
       Task "GetProjectTargetFrameworksTask"
         Assembly loaded during TaskRun (NuGet.Build.Tasks.GetProjectTargetFrameworksTask): NuGet.Frameworks, Version=7.6.0.0, Culture=neutral, PublicKeyToken=31bf3856ad364e35 (location: C:\Program Files\dotnet\sdk\10.0.301\NuGet.Frameworks.dll, MVID: f139722d-71e1-4dbe-a663-31903f3d4ab1, AssemblyLoadContext: MSBuild plugin C:\Program Files\dotnet\sdk\10.0.301\NuGet.Build.Tasks.dll)
       Done executing task "GetProjectTargetFrameworksTask".
   2:5>Done building target "_GetRestoreTargetFrameworksOutput" in project "ParkingSystemProject.vbproj".
       Target "_GetRestoreSettings" skipped. Previously built successfully.
   2:5>Target "_GenerateRestoreProjectSpec" in file "C:\Program Files\dotnet\sdk\10.0.301\NuGet.targets" from project "D:\Downloads\ParkingSystemProject 1 1\ParkingSystemProject 1 1\ParkingSystemProject 1\ParkingSystemProject\ParkingSystemProject.vbproj" (target "_GenerateProjectRestoreGraph" depends on it):
       Task "ConvertToAbsolutePath"
       Done executing task "ConvertToAbsolutePath".
   2:5>Done building target "_GenerateRestoreProjectSpec" in project "ParkingSystemProject.vbproj".
       Target "_GetRestoreProjectStyle" skipped. Previously built successfully.
       Target "CollectPackageReferences" skipped. Previously built successfully.
   2:5>Target "CollectPackageDownloads" in file "C:\Program Files\dotnet\sdk\10.0.301\NuGet.targets" from project "D:\Downloads\ParkingSystemProject 1 1\ParkingSystemProject 1 1\ParkingSystemProject 1\ParkingSystemProject\ParkingSystemProject.vbproj" (target "_CollectRestoreInputs" depends on it):
       Task "CheckForDuplicateNuGetItemsTask"
       Done executing task "CheckForDuplicateNuGetItemsTask".
   2:5>Done building target "CollectPackageDownloads" in project "ParkingSystemProject.vbproj".
   2:5>Target "CollectFrameworkReferences" in file "C:\Program Files\dotnet\sdk\10.0.301\NuGet.targets" from project "D:\Downloads\ParkingSystemProject 1 1\ParkingSystemProject 1 1\ParkingSystemProject 1\ParkingSystemProject\ParkingSystemProject.vbproj" (target "_CollectRestoreInputs" depends on it):
   2:5>Done building target "CollectFrameworkReferences" in project "ParkingSystemProject.vbproj".
   2:5>Target "CollectCentralPackageVersions" in file "C:\Program Files\dotnet\sdk\10.0.301\NuGet.targets" from project "D:\Downloads\ParkingSystemProject 1 1\ParkingSystemProject 1 1\ParkingSystemProject 1\ParkingSystemProject\ParkingSystemProject.vbproj" (target "_CollectRestoreInputs" depends on it):
       Task "CheckForDuplicateNuGetItemsTask"
       Done executing task "CheckForDuplicateNuGetItemsTask".
   2:5>Done building target "CollectCentralPackageVersions" in project "ParkingSystemProject.vbproj".
   2:5>Target "CollectNuGetAuditSuppressions" in file "C:\Program Files\dotnet\sdk\10.0.301\NuGet.targets" from project "D:\Downloads\ParkingSystemProject 1 1\ParkingSystemProject 1 1\ParkingSystemProject 1\ParkingSystemProject\ParkingSystemProject.vbproj" (target "_CollectRestoreInputs" depends on it):
       Task "CheckForDuplicateNuGetItemsTask"
       Done executing task "CheckForDuplicateNuGetItemsTask".
   2:5>Done building target "CollectNuGetAuditSuppressions" in project "ParkingSystemProject.vbproj".
   2:5>Target "CollectPrunePackageReferences" in file "C:\Program Files\dotnet\sdk\10.0.301\NuGet.targets" from project "D:\Downloads\ParkingSystemProject 1 1\ParkingSystemProject 1 1\ParkingSystemProject 1\ParkingSystemProject\ParkingSystemProject.vbproj" (target "_CollectRestoreInputs" depends on it):
       Task "CheckForDuplicateNuGetItemsTask"
       Done executing task "CheckForDuplicateNuGetItemsTask".
   2:5>Done building target "CollectPrunePackageReferences" in project "ParkingSystemProject.vbproj".
   2:5>Target "_CollectRestoreInputs" in file "C:\Program Files\dotnet\sdk\10.0.301\NuGet.targets" from project "D:\Downloads\ParkingSystemProject 1 1\ParkingSystemProject 1 1\ParkingSystemProject 1\ParkingSystemProject\ParkingSystemProject.vbproj" (target "_GenerateProjectRestoreGraphPerFramework" depends on it):
   2:5>Done building target "_CollectRestoreInputs" in project "ParkingSystemProject.vbproj".
   2:5>Target "_GenerateProjectRestoreGraphPerFramework" in file "C:\Program Files\dotnet\sdk\10.0.301\NuGet.targets" from project "D:\Downloads\ParkingSystemProject 1 1\ParkingSystemProject 1 1\ParkingSystemProject 1\ParkingSystemProject\ParkingSystemProject.vbproj" (target "_GenerateProjectRestoreGraphCurrentProject" depends on it):
       Using "GetRestoreProjectReferencesTask" task from assembly "C:\Program Files\dotnet\sdk\10.0.301\NuGet.Build.Tasks.dll".
       Task "GetRestoreProjectReferencesTask"
       Done executing task "GetRestoreProjectReferencesTask".
       Using "GetRestorePackageReferencesTask" task from assembly "C:\Program Files\dotnet\sdk\10.0.301\NuGet.Build.Tasks.dll".
       Task "GetRestorePackageReferencesTask"
       Done executing task "GetRestorePackageReferencesTask".
       Using "GetRestorePackageDownloadsTask" task from assembly "C:\Program Files\dotnet\sdk\10.0.301\NuGet.Build.Tasks.dll".
       Task "GetRestorePackageDownloadsTask"
       Done executing task "GetRestorePackageDownloadsTask".
       Using "GetRestoreFrameworkReferencesTask" task from assembly "C:\Program Files\dotnet\sdk\10.0.301\NuGet.Build.Tasks.dll".
       Task "GetRestoreFrameworkReferencesTask"
       Done executing task "GetRestoreFrameworkReferencesTask".
       Using "GetRestoreNuGetAuditSuppressionsTask" task from assembly "C:\Program Files\dotnet\sdk\10.0.301\NuGet.Build.Tasks.dll".
       Task "GetRestoreNuGetAuditSuppressionsTask"
       Done executing task "GetRestoreNuGetAuditSuppressionsTask".
       Using "GetRestorePrunePackageReferencesTask" task from assembly "C:\Program Files\dotnet\sdk\10.0.301\NuGet.Build.Tasks.dll".
       Task "GetRestorePrunePackageReferencesTask"
       Done executing task "GetRestorePrunePackageReferencesTask".
   2:5>Done building target "_GenerateProjectRestoreGraphPerFramework" in project "ParkingSystemProject.vbproj".
   2:5>Target "_GenerateProjectRestoreGraphCurrentProject" in file "C:\Program Files\dotnet\sdk\10.0.301\NuGet.targets" from project "D:\Downloads\ParkingSystemProject 1 1\ParkingSystemProject 1 1\ParkingSystemProject 1\ParkingSystemProject\ParkingSystemProject.vbproj" (target "_GenerateRestoreDependencies" depends on it):
   2:5>Done building target "_GenerateProjectRestoreGraphCurrentProject" in project "ParkingSystemProject.vbproj".
   2:5>Target "_GenerateRestoreDependencies" in file "C:\Program Files\dotnet\sdk\10.0.301\NuGet.targets" from project "D:\Downloads\ParkingSystemProject 1 1\ParkingSystemProject 1 1\ParkingSystemProject 1\ParkingSystemProject\ParkingSystemProject.vbproj" (target "_GenerateProjectRestoreGraph" depends on it):
   2:5>Done building target "_GenerateRestoreDependencies" in project "ParkingSystemProject.vbproj".
   2:5>Target "_GenerateProjectRestoreGraph" in file "C:\Program Files\dotnet\sdk\10.0.301\NuGet.targets" from project "D:\Downloads\ParkingSystemProject 1 1\ParkingSystemProject 1 1\ParkingSystemProject 1\ParkingSystemProject\ParkingSystemProject.vbproj" (entry point):
   2:5>Done building target "_GenerateProjectRestoreGraph" in project "ParkingSystemProject.vbproj".
   2:5>Done Building Project "D:\Downloads\ParkingSystemProject 1 1\ParkingSystemProject 1 1\ParkingSystemProject 1\ParkingSystemProject\ParkingSystemProject.vbproj" (_GenerateProjectRestoreGraph target(s)).
     1>Done executing task "MSBuild".
     1>Done building target "_GenerateRestoreGraph" in project "ParkingSystemProject.slnx".
     1>Target "Restore" in file "C:\Program Files\dotnet\sdk\10.0.301\NuGet.targets" from project "D:\Downloads\ParkingSystemProject 1 1\ParkingSystemProject 1 1\ParkingSystemProject 1\ParkingSystemProject\ParkingSystemProject.slnx" (entry point):
       Task "RemoveDuplicates"
       Done executing task "RemoveDuplicates".
       Using "RestoreTask" task from assembly "C:\Program Files\dotnet\sdk\10.0.301\NuGet.Build.Tasks.dll".
       Task "RestoreTask"
         Assembly loaded during TaskRun (NuGet.Build.Tasks.RestoreTask): NuGet.Packaging, Version=7.6.0.0, Culture=neutral, PublicKeyToken=31bf3856ad364e35 (location: C:\Program Files\dotnet\sdk\10.0.301\NuGet.Packaging.dll, MVID: 73ba3c97-0b7e-49b5-b6b4-a64605a2d5f3, AssemblyLoadContext: MSBuild plugin C:\Program Files\dotnet\sdk\10.0.301\NuGet.Build.Tasks.dll)
         Assembly loaded during TaskRun (NuGet.Build.Tasks.RestoreTask): NuGet.Versioning, Version=7.6.0.0, Culture=neutral, PublicKeyToken=31bf3856ad364e35 (location: C:\Program Files\dotnet\sdk\10.0.301\NuGet.Versioning.dll, MVID: 1869cdaf-f1cc-4bca-8557-50e1b8bb8007, AssemblyLoadContext: MSBuild plugin C:\Program Files\dotnet\sdk\10.0.301\NuGet.Build.Tasks.dll)
         Assembly loaded during TaskRun (NuGet.Build.Tasks.RestoreTask): NuGet.LibraryModel, Version=7.6.0.0, Culture=neutral, PublicKeyToken=31bf3856ad364e35 (location: C:\Program Files\dotnet\sdk\10.0.301\NuGet.LibraryModel.dll, MVID: 11b2bc4c-080e-43d3-86b9-fa69e54da265, AssemblyLoadContext: MSBuild plugin C:\Program Files\dotnet\sdk\10.0.301\NuGet.Build.Tasks.dll)
         Assembly loaded during TaskRun (NuGet.Build.Tasks.RestoreTask): NuGet.Protocol, Version=7.6.0.0, Culture=neutral, PublicKeyToken=31bf3856ad364e35 (location: C:\Program Files\dotnet\sdk\10.0.301\NuGet.Protocol.dll, MVID: 69ce1de0-17c9-47e9-b01f-51df01937c08, AssemblyLoadContext: MSBuild plugin C:\Program Files\dotnet\sdk\10.0.301\NuGet.Build.Tasks.dll)
         Assembly loaded during TaskRun (NuGet.Build.Tasks.RestoreTask): NuGet.Credentials, Version=7.6.0.0, Culture=neutral, PublicKeyToken=31bf3856ad364e35 (location: C:\Program Files\dotnet\sdk\10.0.301\NuGet.Credentials.dll, MVID: 49d84bb1-eac6-4a46-8ee8-e3483e16bf63, AssemblyLoadContext: MSBuild plugin C:\Program Files\dotnet\sdk\10.0.301\NuGet.Build.Tasks.dll)
         X.509 certificate chain validation will use the default trust store selected by .NET for code signing.
         X.509 certificate chain validation will use the default trust store selected by .NET for timestamping.
         Assembly loaded during TaskRun (NuGet.Build.Tasks.RestoreTask): NuGet.DependencyResolver.Core, Version=7.6.0.0, Culture=neutral, PublicKeyToken=31bf3856ad364e35 (location: C:\Program Files\dotnet\sdk\10.0.301\NuGet.DependencyResolver.Core.dll, MVID: 815448f9-8540-498e-a395-941dedb5bb43, AssemblyLoadContext: MSBuild plugin C:\Program Files\dotnet\sdk\10.0.301\NuGet.Build.Tasks.dll)
         Running restore with 12 concurrent jobs.
         Reading project file D:\Downloads\ParkingSystemProject 1 1\ParkingSystemProject 1 1\ParkingSystemProject 1\ParkingSystemProject\ParkingSystemProject.vbproj.
         Assembly loaded during TaskRun (NuGet.Build.Tasks.RestoreTask): Newtonsoft.Json, Version=13.0.0.0, Culture=neutral, PublicKeyToken=30ad4fe6b2a6aeed (location: C:\Program Files\dotnet\sdk\10.0.301\Newtonsoft.Json.dll, MVID: 7e62198b-eab2-4380-bbac-29171862d1d8, AssemblyLoadContext: MSBuild plugin C:\Program Files\dotnet\sdk\10.0.301\NuGet.Build.Tasks.dll)
         Assembly loaded during TaskRun (NuGet.Build.Tasks.RestoreTask): System.Runtime.Serialization.Primitives, Version=10.0.0.0, Culture=neutral, PublicKeyToken=b03f5f7f11d50a3a (location: C:\Program Files\dotnet\shared\Microsoft.NETCore.App\10.0.9\System.Runtime.Serialization.Primitives.dll, MVID: c2ba96c5-f45f-428a-af7d-75e2206825a2, AssemblyLoadContext: Default)
         Assembly loaded during TaskRun (NuGet.Build.Tasks.RestoreTask): System.Runtime.Numerics, Version=10.0.0.0, Culture=neutral, PublicKeyToken=b03f5f7f11d50a3a (location: C:\Program Files\dotnet\shared\Microsoft.NETCore.App\10.0.9\System.Runtime.Numerics.dll, MVID: 39f8682f-9739-410e-a45c-14a92c461c8f, AssemblyLoadContext: Default)
         Assembly loaded during TaskRun (NuGet.Build.Tasks.RestoreTask): System.Text.Encodings.Web, Version=10.0.0.0, Culture=neutral, PublicKeyToken=cc7b13ffcd2ddd51 (location: C:\Program Files\dotnet\shared\Microsoft.NETCore.App\10.0.9\System.Text.Encodings.Web.dll, MVID: 6452496e-64a6-4c19-ae03-ac6c2c2883e3, AssemblyLoadContext: Default)
         The restore inputs for 'ParkingSystemProject' have not changed. No further actions are required to complete the restore.
         Committing restore...
         Assets file has not changed. Skipping assets file writing. Path: D:\Downloads\ParkingSystemProject 1 1\ParkingSystemProject 1 1\ParkingSystemProject 1\ParkingSystemProject\obj\project.assets.json
         No-Op restore. The cache will not be updated. Path: D:\Downloads\ParkingSystemProject 1 1\ParkingSystemProject 1 1\ParkingSystemProject 1\ParkingSystemProject\obj\project.nuget.cache
         Restored D:\Downloads\ParkingSystemProject 1 1\ParkingSystemProject 1 1\ParkingSystemProject 1\ParkingSystemProject\ParkingSystemProject.vbproj (in 38 ms).
         
         NuGet Config files used:
             C:\Users\reale\AppData\Roaming\NuGet\NuGet.Config
             C:\Program Files (x86)\NuGet\Config\Microsoft.VisualStudio.FallbackLocation.config
             C:\Program Files (x86)\NuGet\Config\Microsoft.VisualStudio.Offline.config
         
         Feeds used:
             https://api.nuget.org/v3/index.json
             C:\Program Files (x86)\Microsoft SDKs\NuGetPackages\
         All projects are up-to-date for restore.
       Done executing task "RestoreTask".
     1>Done building target "Restore" in project "ParkingSystemProject.slnx".
     1>Done Building Project "D:\Downloads\ParkingSystemProject 1 1\ParkingSystemProject 1 1\ParkingSystemProject 1\ParkingSystemProject\ParkingSystemProject.slnx" (Restore target(s)).
     0>D:\Downloads\ParkingSystemProject 1 1\ParkingSystemProject 1 1\ParkingSystemProject 1\ParkingSystemProject\ParkingSystemProject.slnx.metaproj : message : Property 'MSBuildExtensionsPath' with value 'C:\Program Files\dotnet\sdk\10.0.301\' expanded from the environment.
       The "NuGetInteractive" property is a global property, and cannot be modified.
       C:\Program Files\dotnet\sdk\10.0.301\NuGet.targets(125,5): message : Property reassignment: $(_GenerateRestoreGraphProjectEntryInputProperties)="
       C:\Program Files\dotnet\sdk\10.0.301\NuGet.targets(125,5): message :       ExcludeRestorePackageImports=true;
       C:\Program Files\dotnet\sdk\10.0.301\NuGet.targets(125,5): message :       _RestoreSolutionFileUsed=true;
       C:\Program Files\dotnet\sdk\10.0.301\NuGet.targets(125,5): message :       SolutionDir=D:\Downloads\ParkingSystemProject 1 1\ParkingSystemProject 1 1\ParkingSystemProject 1\ParkingSystemProject\;
       C:\Program Files\dotnet\sdk\10.0.301\NuGet.targets(125,5): message :       SolutionName=ParkingSystemProject;
       C:\Program Files\dotnet\sdk\10.0.301\NuGet.targets(125,5): message :       SolutionFileName=ParkingSystemProject.slnx;
       C:\Program Files\dotnet\sdk\10.0.301\NuGet.targets(125,5): message :       SolutionPath=D:\Downloads\ParkingSystemProject 1 1\ParkingSystemProject 1 1\ParkingSystemProject 1\ParkingSystemProject\ParkingSystemProject.slnx;
       C:\Program Files\dotnet\sdk\10.0.301\NuGet.targets(125,5): message :       SolutionExt=.slnx;
       C:\Program Files\dotnet\sdk\10.0.301\NuGet.targets(125,5): message :     " (previous value: "ExcludeRestorePackageImports=true") at C:\Program Files\dotnet\sdk\10.0.301\NuGet.targets (125,5)
       The target "_MTPBuild" listed in a BeforeTargets attribute at "C:\Program Files\dotnet\sdk\10.0.301\Current\SolutionFile\ImportAfter\Microsoft.NET.Sdk.Solution.targets (24,11)" does not exist in the project, and will be ignored.
       The target "Store" listed in a BeforeTargets attribute at "C:\Program Files\dotnet\sdk\10.0.301\Current\SolutionFile\ImportAfter\Microsoft.NET.Sdk.Solution.targets (33,11)" does not exist in the project, and will be ignored.
       The target "VSTest" listed in a BeforeTargets attribute at "C:\Program Files\dotnet\sdk\10.0.301\Current\SolutionFile\ImportAfter\Microsoft.NET.Sdk.Solution.targets (33,11)" does not exist in the project, and will be ignored.
       The target "_MTPBuild" listed in a BeforeTargets attribute at "C:\Program Files\dotnet\sdk\10.0.301\Current\SolutionFile\ImportAfter\Microsoft.NET.Sdk.Solution.targets (33,11)" does not exist in the project, and will be ignored.
       The target "_CheckForInvalidConfigurationAndPlatform" listed in a BeforeTargets attribute at "C:\Program Files\dotnet\sdk\10.0.301\NuGet.targets (705,11)" does not exist in the project, and will be ignored.
   1:2>Project "D:\Downloads\ParkingSystemProject 1 1\ParkingSystemProject 1 1\ParkingSystemProject 1\ParkingSystemProject\ParkingSystemProject.slnx" on node 1 (default targets).
   1:2>Target "ValidateSolutionConfiguration" in file "D:\Downloads\ParkingSystemProject 1 1\ParkingSystemProject 1 1\ParkingSystemProject 1\ParkingSystemProject\ParkingSystemProject.slnx.metaproj" from project "D:\Downloads\ParkingSystemProject 1 1\ParkingSystemProject 1 1\ParkingSystemProject 1\ParkingSystemProject\ParkingSystemProject.slnx" (entry point):
   1:2>Using "Message" task from assembly "Microsoft.Build.Tasks.Core, Version=15.1.0.0, Culture=neutral, PublicKeyToken=b03f5f7f11d50a3a".
       Task "Message"
         Building solution configuration "Debug|Any CPU".
       Done executing task "Message".
   1:2>Done building target "ValidateSolutionConfiguration" in project "ParkingSystemProject.slnx".
   1:2>Target "ValidateToolsVersions" in file "D:\Downloads\ParkingSystemProject 1 1\ParkingSystemProject 1 1\ParkingSystemProject 1\ParkingSystemProject\ParkingSystemProject.slnx.metaproj" from project "D:\Downloads\ParkingSystemProject 1 1\ParkingSystemProject 1 1\ParkingSystemProject 1\ParkingSystemProject\ParkingSystemProject.slnx" (entry point):
   1:2>Done building target "ValidateToolsVersions" in project "ParkingSystemProject.slnx".
   1:2>Target "ValidateProjects" in file "D:\Downloads\ParkingSystemProject 1 1\ParkingSystemProject 1 1\ParkingSystemProject 1\ParkingSystemProject\ParkingSystemProject.slnx.metaproj" from project "D:\Downloads\ParkingSystemProject 1 1\ParkingSystemProject 1 1\ParkingSystemProject 1\ParkingSystemProject\ParkingSystemProject.slnx" (entry point):
   1:2>Done building target "ValidateProjects" in project "ParkingSystemProject.slnx".
   1:2>Target "Build" in file "D:\Downloads\ParkingSystemProject 1 1\ParkingSystemProject 1 1\ParkingSystemProject 1\ParkingSystemProject\ParkingSystemProject.slnx.metaproj" from project "D:\Downloads\ParkingSystemProject 1 1\ParkingSystemProject 1 1\ParkingSystemProject 1\ParkingSystemProject\ParkingSystemProject.slnx" (entry point):
       Using "MSBuild" task from assembly "Microsoft.Build.Tasks.Core, Version=15.1.0.0, Culture=neutral, PublicKeyToken=b03f5f7f11d50a3a".
       Task "MSBuild"
         Global Properties:
           BuildingSolutionFile=true
           CurrentSolutionConfigurationContents=<SolutionConfiguration>
           <ProjectConfiguration Project="{A4F22EA6-66A8-4A17-8F7B-DFE685ECFA70}" AbsolutePath="D:\Downloads\ParkingSystemProject 1 1\ParkingSystemProject 1 1\ParkingSystemProject 1\ParkingSystemProject\ParkingSystemProject.vbproj" BuildProjectInSolution="True">Debug|AnyCPU</ProjectConfiguration>
         </SolutionConfiguration>
           SolutionDir=D:\Downloads\ParkingSystemProject 1 1\ParkingSystemProject 1 1\ParkingSystemProject 1\ParkingSystemProject\
           SolutionExt=.slnx
           SolutionFileName=ParkingSystemProject.slnx
           SolutionName=ParkingSystemProject
           SolutionPath=D:\Downloads\ParkingSystemProject 1 1\ParkingSystemProject 1 1\ParkingSystemProject 1\ParkingSystemProject\ParkingSystemProject.slnx
         Additional Properties for project "D:\Downloads\ParkingSystemProject 1 1\ParkingSystemProject 1 1\ParkingSystemProject 1\ParkingSystemProject\ParkingSystemProject.vbproj":
           Configuration=Debug
           Platform=AnyCPU
     0>D:\Downloads\ParkingSystemProject 1 1\ParkingSystemProject 1 1\ParkingSystemProject 1\ParkingSystemProject\ParkingSystemProject.vbproj(3,92): message : Property 'MSBuildExtensionsPath' with value 'C:\Program Files\dotnet\sdk\10.0.301\' expanded from the environment.
       C:\Program Files\dotnet\sdk\10.0.301\Current\Microsoft.Common.props(60,5): message : Property reassignment: $(MSBuildProjectExtensionsPath)="D:\Downloads\ParkingSystemProject 1 1\ParkingSystemProject 1 1\ParkingSystemProject 1\ParkingSystemProject\obj\" (previous value: "obj\") at C:\Program Files\dotnet\sdk\10.0.301\Current\Microsoft.Common.props (60,5)
       D:\Downloads\ParkingSystemProject 1 1\ParkingSystemProject 1 1\ParkingSystemProject 1\ParkingSystemProject\obj\ParkingSystemProject.vbproj.nuget.g.props(7,5): message : Property 'USERPROFILE' with value 'C:\Users\reale' expanded from the environment.
       C:\Program Files\dotnet\sdk\10.0.301\Current\Microsoft.Common.props(84,119): message : Property 'MSBuildUserExtensionsPath' with value 'C:\Users\reale\AppData\Local\Microsoft\MSBuild' expanded from the environment.
       The "Configuration" property is a global property, and cannot be modified.
       The "Platform" property is a global property, and cannot be modified.
       The "Configuration" property is a global property, and cannot be modified.
       The "Platform" property is a global property, and cannot be modified.
       C:\Program Files\dotnet\sdk\10.0.301\Microsoft.VisualBasic.CurrentVersion.targets(140,9): message : Property reassignment: $(FinalDefineConstants)="CONFIG="Debug",DEBUG=-1" (previous value: "CONFIG="Debug"") at C:\Program Files\dotnet\sdk\10.0.301\Microsoft.VisualBasic.CurrentVersion.targets (140,9)
       C:\Program Files\dotnet\sdk\10.0.301\Microsoft.VisualBasic.CurrentVersion.targets(141,9): message : Property reassignment: $(FinalDefineConstants)="CONFIG="Debug",DEBUG=-1,TRACE=-1" (previous value: "CONFIG="Debug",DEBUG=-1") at C:\Program Files\dotnet\sdk\10.0.301\Microsoft.VisualBasic.CurrentVersion.targets (141,9)
       C:\Program Files\dotnet\sdk\10.0.301\Microsoft.VisualBasic.CurrentVersion.targets(142,9): message : Property reassignment: $(FinalDefineConstants)="CONFIG="Debug",DEBUG=-1,TRACE=-1,_MyType="WindowsForms"" (previous value: "CONFIG="Debug",DEBUG=-1,TRACE=-1") at C:\Program Files\dotnet\sdk\10.0.301\Microsoft.VisualBasic.CurrentVersion.targets (142,9)
       C:\Program Files\dotnet\sdk\10.0.301\Microsoft.VisualBasic.CurrentVersion.targets(143,9): message : Property reassignment: $(FinalDefineConstants)="CONFIG="Debug",DEBUG=-1,TRACE=-1,_MyType="WindowsForms",PLATFORM="AnyCPU"" (previous value: "CONFIG="Debug",DEBUG=-1,TRACE=-1,_MyType="WindowsForms"") at C:\Program Files\dotnet\sdk\10.0.301\Microsoft.VisualBasic.CurrentVersion.targets (143,9)
       C:\Program Files\dotnet\sdk\10.0.301\Roslyn\Microsoft.VisualBasic.Core.targets(178,5): message : Property reassignment: $(CommandLineArgsForDesignTimeEvaluation)="-langversion: -define:CONFIG="Debug",DEBUG=-1,TRACE=-1,_MyType="WindowsForms",PLATFORM="AnyCPU"" (previous value: "-langversion:") at C:\Program Files\dotnet\sdk\10.0.301\Roslyn\Microsoft.VisualBasic.Core.targets (178,5)
       C:\Program Files\dotnet\sdk\10.0.301\Roslyn\Microsoft.VisualBasic.Core.targets(180,5): message : Property reassignment: $(CommandLineArgsForDesignTimeEvaluation)="-langversion: -define:CONFIG="Debug",DEBUG=-1,TRACE=-1,_MyType="WindowsForms",PLATFORM="AnyCPU" -doc:"ParkingSystemProject.xml"" (previous value: "-langversion: -define:CONFIG="Debug",DEBUG=-1,TRACE=-1,_MyType="WindowsForms",PLATFORM="AnyCPU"") at C:\Program Files\dotnet\sdk\10.0.301\Roslyn\Microsoft.VisualBasic.Core.targets (180,5)
       C:\Program Files\dotnet\sdk\10.0.301\Microsoft.NETFramework.CurrentVersion.props(117,5): message : Property reassignment: $(AvailablePlatforms)="Any CPU,x86,x64,ARM64" (previous value: "Any CPU,x86,x64") at C:\Program Files\dotnet\sdk\10.0.301\Microsoft.NETFramework.CurrentVersion.props (117,5)
       The "Platform" property is a global property, and cannot be modified.
       The "Configuration" property is a global property, and cannot be modified.
       C:\Program Files\dotnet\sdk\10.0.301\Microsoft.Common.CurrentVersion.targets(175,5): message : Property reassignment: $(_DebugSymbolsProduced)="true" (previous value: "false") at C:\Program Files\dotnet\sdk\10.0.301\Microsoft.Common.CurrentVersion.targets (175,5)
       The "SolutionName" property is a global property, and cannot be modified.
       The "SolutionFileName" property is a global property, and cannot be modified.
       The "SolutionPath" property is a global property, and cannot be modified.
       The "SolutionDir" property is a global property, and cannot be modified.
       The "SolutionExt" property is a global property, and cannot be modified.
       C:\Program Files\dotnet\sdk\10.0.301\Microsoft.Common.CurrentVersion.targets(392,5): message : Property reassignment: $(MSBuildCopyMarkerName)="ParkingS.F2BF9B4A" (previous value: "ParkingSystemProject.vbproj") at C:\Program Files\dotnet\sdk\10.0.301\Microsoft.Common.CurrentVersion.targets (392,5)
       C:\Program Files\dotnet\sdk\10.0.301\Microsoft.Common.CurrentVersion.targets(393,5): message : Property reassignment: $(MSBuildCopyMarkerName)="ParkingS.F2BF9B4A.Up2Date" (previous value: "ParkingS.F2BF9B4A") at C:\Program Files\dotnet\sdk\10.0.301\Microsoft.Common.CurrentVersion.targets (393,5)
       C:\Program Files\dotnet\sdk\10.0.301\Microsoft.Common.CurrentVersion.targets(527,5): message : Property reassignment: $(ProcessorArchitecture)="msil" (previous value: "AnyCPU") at C:\Program Files\dotnet\sdk\10.0.301\Microsoft.Common.CurrentVersion.targets (527,5)
       C:\Program Files\dotnet\sdk\10.0.301\Microsoft.Common.CurrentVersion.targets(580,5): message : Property reassignment: $(DelaySign)="" (previous value: "false") at C:\Program Files\dotnet\sdk\10.0.301\Microsoft.Common.CurrentVersion.targets (580,5)
       C:\Program Files\dotnet\sdk\10.0.301\Microsoft.Common.CurrentVersion.targets(649,5): message : Property reassignment: $(AssemblySearchPaths)="{CandidateAssemblyFiles};" (previous value: "{CandidateAssemblyFiles}") at C:\Program Files\dotnet\sdk\10.0.301\Microsoft.Common.CurrentVersion.targets (649,5)
       C:\Program Files\dotnet\sdk\10.0.301\Microsoft.Common.CurrentVersion.targets(650,5): message : Property reassignment: $(AssemblySearchPaths)="{CandidateAssemblyFiles};;{HintPathFromItem}" (previous value: "{CandidateAssemblyFiles};") at C:\Program Files\dotnet\sdk\10.0.301\Microsoft.Common.CurrentVersion.targets (650,5)
       C:\Program Files\dotnet\sdk\10.0.301\Microsoft.Common.CurrentVersion.targets(651,5): message : Property reassignment: $(AssemblySearchPaths)="{CandidateAssemblyFiles};;{HintPathFromItem};{TargetFrameworkDirectory}" (previous value: "{CandidateAssemblyFiles};;{HintPathFromItem}") at C:\Program Files\dotnet\sdk\10.0.301\Microsoft.Common.CurrentVersion.targets (651,5)
       C:\Program Files\dotnet\sdk\10.0.301\Microsoft.Common.CurrentVersion.targets(652,5): message : Property reassignment: $(AssemblySearchPaths)="{CandidateAssemblyFiles};;{HintPathFromItem};{TargetFrameworkDirectory};" (previous value: "{CandidateAssemblyFiles};;{HintPathFromItem};{TargetFrameworkDirectory}") at C:\Program Files\dotnet\sdk\10.0.301\Microsoft.Common.CurrentVersion.targets (652,5)
       C:\Program Files\dotnet\sdk\10.0.301\Microsoft.Common.CurrentVersion.targets(653,5): message : Property reassignment: $(AssemblySearchPaths)="{CandidateAssemblyFiles};;{HintPathFromItem};{TargetFrameworkDirectory};;{Registry:Software\Microsoft\.NETFramework,v4.7.2,AssemblyFoldersEx}" (previous value: "{CandidateAssemblyFiles};;{HintPathFromItem};{TargetFrameworkDirectory};") at C:\Program Files\dotnet\sdk\10.0.301\Microsoft.Common.CurrentVersion.targets (653,5)
       C:\Program Files\dotnet\sdk\10.0.301\Microsoft.Common.CurrentVersion.targets(654,5): message : Property reassignment: $(AssemblySearchPaths)="{CandidateAssemblyFiles};;{HintPathFromItem};{TargetFrameworkDirectory};;{Registry:Software\Microsoft\.NETFramework,v4.7.2,AssemblyFoldersEx};{AssemblyFolders}" (previous value: "{CandidateAssemblyFiles};;{HintPathFromItem};{TargetFrameworkDirectory};;{Registry:Software\Microsoft\.NETFramework,v4.7.2,AssemblyFoldersEx}") at C:\Program Files\dotnet\sdk\10.0.301\Microsoft.Common.CurrentVersion.targets (654,5)
       C:\Program Files\dotnet\sdk\10.0.301\Microsoft.Common.CurrentVersion.targets(655,5): message : Property reassignment: $(AssemblySearchPaths)="{CandidateAssemblyFiles};;{HintPathFromItem};{TargetFrameworkDirectory};;{Registry:Software\Microsoft\.NETFramework,v4.7.2,AssemblyFoldersEx};{AssemblyFolders};{GAC}" (previous value: "{CandidateAssemblyFiles};;{HintPathFromItem};{TargetFrameworkDirectory};;{Registry:Software\Microsoft\.NETFramework,v4.7.2,AssemblyFoldersEx};{AssemblyFolders}") at C:\Program Files\dotnet\sdk\10.0.301\Microsoft.Common.CurrentVersion.targets (655,5)
       C:\Program Files\dotnet\sdk\10.0.301\Microsoft.Common.CurrentVersion.targets(656,5): message : Property reassignment: $(AssemblySearchPaths)="{CandidateAssemblyFiles};;{HintPathFromItem};{TargetFrameworkDirectory};;{Registry:Software\Microsoft\.NETFramework,v4.7.2,AssemblyFoldersEx};{AssemblyFolders};{GAC};{RawFileName}" (previous value: "{CandidateAssemblyFiles};;{HintPathFromItem};{TargetFrameworkDirectory};;{Registry:Software\Microsoft\.NETFramework,v4.7.2,AssemblyFoldersEx};{AssemblyFolders};{GAC}") at C:\Program Files\dotnet\sdk\10.0.301\Microsoft.Common.CurrentVersion.targets (656,5)
       C:\Program Files\dotnet\sdk\10.0.301\Microsoft.Common.CurrentVersion.targets(657,5): message : Property reassignment: $(AssemblySearchPaths)="{CandidateAssemblyFiles};;{HintPathFromItem};{TargetFrameworkDirectory};;{Registry:Software\Microsoft\.NETFramework,v4.7.2,AssemblyFoldersEx};{AssemblyFolders};{GAC};{RawFileName};bin\Debug\" (previous value: "{CandidateAssemblyFiles};;{HintPathFromItem};{TargetFrameworkDirectory};;{Registry:Software\Microsoft\.NETFramework,v4.7.2,AssemblyFoldersEx};{AssemblyFolders};{GAC};{RawFileName}") at C:\Program Files\dotnet\sdk\10.0.301\Microsoft.Common.CurrentVersion.targets (657,5)
       C:\Program Files\dotnet\sdk\10.0.301\Microsoft.Common.CurrentVersion.targets(2622,5): message : Property 'LOCALAPPDATA' with value 'C:\Users\reale\AppData\Local' expanded from the environment.
       C:\Program Files\dotnet\sdk\10.0.301\Microsoft.Common.CurrentVersion.targets(3950,5): message : Property reassignment: $(_SGenGenerateSerializationAssembliesConfig)="Auto" (previous value: "") at C:\Program Files\dotnet\sdk\10.0.301\Microsoft.Common.CurrentVersion.targets (3950,5)
       C:\Program Files\dotnet\sdk\10.0.301\Microsoft.Common.CurrentVersion.targets(3951,5): message : Property reassignment: $(_SGenGenerateSerializationAssembliesConfig)="Off" (previous value: "Auto") at C:\Program Files\dotnet\sdk\10.0.301\Microsoft.Common.CurrentVersion.targets (3951,5)
       C:\Program Files\dotnet\sdk\10.0.301\Microsoft.Common.CurrentVersion.targets(5162,5): message : Property reassignment: $(_TargetsThatPrepareProjectReferences)="
       C:\Program Files\dotnet\sdk\10.0.301\Microsoft.Common.CurrentVersion.targets(5162,5): message :       AssignProjectConfiguration;
       C:\Program Files\dotnet\sdk\10.0.301\Microsoft.Common.CurrentVersion.targets(5162,5): message :       _SplitProjectReferencesByFileExistence
       C:\Program Files\dotnet\sdk\10.0.301\Microsoft.Common.CurrentVersion.targets(5162,5): message :     " (previous value: "_SplitProjectReferencesByFileExistence") at C:\Program Files\dotnet\sdk\10.0.301\Microsoft.Common.CurrentVersion.targets (5162,5)
       C:\Program Files\dotnet\sdk\10.0.301\Microsoft.Common.CurrentVersion.targets(6975,5): message : Property 'MSBuildExtensionsPath32' with value 'C:\Program Files\dotnet\sdk\10.0.301' expanded from the environment.
       C:\Program Files\dotnet\sdk\10.0.301\Microsoft.NETFramework.CurrentVersion.targets(74,5): message : Property reassignment: $(ResolveReferencesDependsOn)="
       C:\Program Files\dotnet\sdk\10.0.301\Microsoft.NETFramework.CurrentVersion.targets(74,5): message :       
       C:\Program Files\dotnet\sdk\10.0.301\Microsoft.NETFramework.CurrentVersion.targets(74,5): message :       BeforeResolveReferences;
       C:\Program Files\dotnet\sdk\10.0.301\Microsoft.NETFramework.CurrentVersion.targets(74,5): message :       AssignProjectConfiguration;
       C:\Program Files\dotnet\sdk\10.0.301\Microsoft.NETFramework.CurrentVersion.targets(74,5): message :       ResolveProjectReferences;
       C:\Program Files\dotnet\sdk\10.0.301\Microsoft.NETFramework.CurrentVersion.targets(74,5): message :       FindInvalidProjectReferences;
       C:\Program Files\dotnet\sdk\10.0.301\Microsoft.NETFramework.CurrentVersion.targets(74,5): message :       ResolveNativeReferences;
       C:\Program Files\dotnet\sdk\10.0.301\Microsoft.NETFramework.CurrentVersion.targets(74,5): message :       ResolveAssemblyReferences;
       C:\Program Files\dotnet\sdk\10.0.301\Microsoft.NETFramework.CurrentVersion.targets(74,5): message :       GenerateBindingRedirects;
       C:\Program Files\dotnet\sdk\10.0.301\Microsoft.NETFramework.CurrentVersion.targets(74,5): message :       GenerateBindingRedirectsUpdateAppConfig;
       C:\Program Files\dotnet\sdk\10.0.301\Microsoft.NETFramework.CurrentVersion.targets(74,5): message :       ResolveComReferences;
       C:\Program Files\dotnet\sdk\10.0.301\Microsoft.NETFramework.CurrentVersion.targets(74,5): message :       AfterResolveReferences
       C:\Program Files\dotnet\sdk\10.0.301\Microsoft.NETFramework.CurrentVersion.targets(74,5): message :     ;
       C:\Program Files\dotnet\sdk\10.0.301\Microsoft.NETFramework.CurrentVersion.targets(74,5): message :       ImplicitlyExpandDesignTimeFacades
       C:\Program Files\dotnet\sdk\10.0.301\Microsoft.NETFramework.CurrentVersion.targets(74,5): message :     " (previous value: "
       C:\Program Files\dotnet\sdk\10.0.301\Microsoft.NETFramework.CurrentVersion.targets(74,5): message :       BeforeResolveReferences;
       C:\Program Files\dotnet\sdk\10.0.301\Microsoft.NETFramework.CurrentVersion.targets(74,5): message :       AssignProjectConfiguration;
       C:\Program Files\dotnet\sdk\10.0.301\Microsoft.NETFramework.CurrentVersion.targets(74,5): message :       ResolveProjectReferences;
       C:\Program Files\dotnet\sdk\10.0.301\Microsoft.NETFramework.CurrentVersion.targets(74,5): message :       FindInvalidProjectReferences;
       C:\Program Files\dotnet\sdk\10.0.301\Microsoft.NETFramework.CurrentVersion.targets(74,5): message :       ResolveNativeReferences;
       C:\Program Files\dotnet\sdk\10.0.301\Microsoft.NETFramework.CurrentVersion.targets(74,5): message :       ResolveAssemblyReferences;
       C:\Program Files\dotnet\sdk\10.0.301\Microsoft.NETFramework.CurrentVersion.targets(74,5): message :       GenerateBindingRedirects;
       C:\Program Files\dotnet\sdk\10.0.301\Microsoft.NETFramework.CurrentVersion.targets(74,5): message :       GenerateBindingRedirectsUpdateAppConfig;
       C:\Program Files\dotnet\sdk\10.0.301\Microsoft.NETFramework.CurrentVersion.targets(74,5): message :       ResolveComReferences;
       C:\Program Files\dotnet\sdk\10.0.301\Microsoft.NETFramework.CurrentVersion.targets(74,5): message :       AfterResolveReferences
       C:\Program Files\dotnet\sdk\10.0.301\Microsoft.NETFramework.CurrentVersion.targets(74,5): message :     ") at C:\Program Files\dotnet\sdk\10.0.301\Microsoft.NETFramework.CurrentVersion.targets (74,5)
       The "NuGetInteractive" property is a global property, and cannot be modified.
       Overriding target "GetFrameworkPaths" in project "C:\Program Files\dotnet\sdk\10.0.301\Microsoft.Common.CurrentVersion.targets" with target "GetFrameworkPaths" from project "C:\Program Files\dotnet\sdk\10.0.301\Microsoft.NETFramework.CurrentVersion.targets".
       The target "ResolveNuGetPackageAssets" listed in an AfterTargets attribute at "C:\Program Files\dotnet\sdk\10.0.301\Microsoft\Microsoft.NET.Build.Extensions\Microsoft.NET.Build.Extensions.ConflictResolution.targets (27,11)" does not exist in the project, and will be ignored.
   1:2>Project "D:\Downloads\ParkingSystemProject 1 1\ParkingSystemProject 1 1\ParkingSystemProject 1\ParkingSystemProject\ParkingSystemProject.slnx" (1:2) is building "D:\Downloads\ParkingSystemProject 1 1\ParkingSystemProject 1 1\ParkingSystemProject 1\ParkingSystemProject\ParkingSystemProject.vbproj" (2:6) on node 1 (default targets).
   2:6>Project file contains ToolsVersion="15.0". This toolset may be unknown or missing, in which case you may be able to resolve this by installing the appropriate version of MSBuild, or the build may have been forced to a particular ToolsVersion for policy reasons. Treating the project as if it had ToolsVersion="Current". For more information, please see http://go.microsoft.com/fwlink/?LinkId=293424.
   2:6>Target "CollectPackageReferences" in file "C:\Program Files\dotnet\sdk\10.0.301\NuGet.targets" from project "D:\Downloads\ParkingSystemProject 1 1\ParkingSystemProject 1 1\ParkingSystemProject 1\ParkingSystemProject\ParkingSystemProject.vbproj" (target "_GetRestoreProjectStyle" depends on it):
       Using "CheckForDuplicateNuGetItemsTask" task from assembly "C:\Program Files\dotnet\sdk\10.0.301\NuGet.Build.Tasks.dll".
       Task "CheckForDuplicateNuGetItemsTask"
       Done executing task "CheckForDuplicateNuGetItemsTask".
   2:6>Done building target "CollectPackageReferences" in project "ParkingSystemProject.vbproj".
   2:6>Target "_GetRestoreProjectStyle" in file "C:\Program Files\dotnet\sdk\10.0.301\NuGet.targets" from project "D:\Downloads\ParkingSystemProject 1 1\ParkingSystemProject 1 1\ParkingSystemProject 1\ParkingSystemProject\ParkingSystemProject.vbproj" (target "EnableIntermediateOutputPathMismatchWarning" depends on it):
       Using "GetRestoreProjectStyleTask" task from assembly "C:\Program Files\dotnet\sdk\10.0.301\NuGet.Build.Tasks.dll".
       Task "GetRestoreProjectStyleTask"
       Done executing task "GetRestoreProjectStyleTask".
   2:6>Done building target "_GetRestoreProjectStyle" in project "ParkingSystemProject.vbproj".
   2:6>Target "EnableIntermediateOutputPathMismatchWarning" in file "C:\Program Files\dotnet\sdk\10.0.301\NuGet.targets" from project "D:\Downloads\ParkingSystemProject 1 1\ParkingSystemProject 1 1\ParkingSystemProject 1\ParkingSystemProject\ParkingSystemProject.vbproj" (target "_CheckForInvalidConfigurationAndPlatform" depends on it):
   2:6>Done building target "EnableIntermediateOutputPathMismatchWarning" in project "ParkingSystemProject.vbproj".
   2:6>Target "_CheckForInvalidConfigurationAndPlatform" in file "C:\Program Files\dotnet\sdk\10.0.301\Microsoft.Common.CurrentVersion.targets" from project "D:\Downloads\ParkingSystemProject 1 1\ParkingSystemProject 1 1\ParkingSystemProject 1\ParkingSystemProject\ParkingSystemProject.vbproj" (target "BeforeBuild" depends on it):
       Task "Message"
         Configuration=Debug
       Done executing task "Message".
       Task "Message"
         Platform=AnyCPU
       Done executing task "Message".
   2:6>Done building target "_CheckForInvalidConfigurationAndPlatform" in project "ParkingSystemProject.vbproj".
   2:6>Target "BeforeBuild" in file "C:\Program Files\dotnet\sdk\10.0.301\Microsoft.Common.CurrentVersion.targets" from project "D:\Downloads\ParkingSystemProject 1 1\ParkingSystemProject 1 1\ParkingSystemProject 1\ParkingSystemProject\ParkingSystemProject.vbproj" (target "Build" depends on it):
   2:6>Done building target "BeforeBuild" in project "ParkingSystemProject.vbproj".
   2:6>Target "BuildOnlySettings" in file "C:\Program Files\dotnet\sdk\10.0.301\Microsoft.Common.CurrentVersion.targets" from project "D:\Downloads\ParkingSystemProject 1 1\ParkingSystemProject 1 1\ParkingSystemProject 1\ParkingSystemProject\ParkingSystemProject.vbproj" (target "CoreBuild" depends on it):
       C:\Program Files\dotnet\sdk\10.0.301\Microsoft.Common.CurrentVersion.targets(1168,7): message : Property reassignment: $(BuildingProject)="true" (previous value: "false") at C:\Program Files\dotnet\sdk\10.0.301\Microsoft.Common.CurrentVersion.targets (1168,7) [D:\Downloads\ParkingSystemProject 1 1\ParkingSystemProject 1 1\ParkingSystemProject 1\ParkingSystemProject\ParkingSystemProject.vbproj]
   2:6>Done building target "BuildOnlySettings" in project "ParkingSystemProject.vbproj".
   2:6>Target "GetFrameworkPaths" in file "C:\Program Files\dotnet\sdk\10.0.301\Microsoft.NETFramework.CurrentVersion.targets" from project "D:\Downloads\ParkingSystemProject 1 1\ParkingSystemProject 1 1\ParkingSystemProject 1\ParkingSystemProject\ParkingSystemProject.vbproj" (target "PrepareForBuild" depends on it):
   2:6>Done building target "GetFrameworkPaths" in project "ParkingSystemProject.vbproj".
       Target "GetFrameworkPaths" skipped. Previously built successfully.
   2:6>Target "GetReferenceAssemblyPaths" in file "C:\Program Files\dotnet\sdk\10.0.301\Microsoft.Common.CurrentVersion.targets" from project "D:\Downloads\ParkingSystemProject 1 1\ParkingSystemProject 1 1\ParkingSystemProject 1\ParkingSystemProject\ParkingSystemProject.vbproj" (target "PrepareForBuild" depends on it):
       C:\Program Files\dotnet\sdk\10.0.301\Microsoft.Common.CurrentVersion.targets(1255,7): message : Property reassignment: $(TargetFrameworkDirectory)="" (previous value: "v4.0.30319") at C:\Program Files\dotnet\sdk\10.0.301\Microsoft.Common.CurrentVersion.targets (1255,7) [D:\Downloads\ParkingSystemProject 1 1\ParkingSystemProject 1 1\ParkingSystemProject 1\ParkingSystemProject\ParkingSystemProject.vbproj]
       Using "GetReferenceAssemblyPaths" task from assembly "Microsoft.Build.Tasks.Core, Version=15.1.0.0, Culture=neutral, PublicKeyToken=b03f5f7f11d50a3a".
       Task "GetReferenceAssemblyPaths"
       Done executing task "GetReferenceAssemblyPaths".
       C:\Program Files\dotnet\sdk\10.0.301\Microsoft.Common.CurrentVersion.targets(1272,7): message : Property reassignment: $(TargetFrameworkDirectory)="C:\Program Files %28x86%29\Reference Assemblies\Microsoft\Framework\.NETFramework\v4.7.2\;;" (previous value: "v4.0.30319") at C:\Program Files\dotnet\sdk\10.0.301\Microsoft.Common.CurrentVersion.targets (1272,7) [D:\Downloads\ParkingSystemProject 1 1\ParkingSystemProject 1 1\ParkingSystemProject 1\ParkingSystemProject\ParkingSystemProject.vbproj]
       C:\Program Files\dotnet\sdk\10.0.301\Microsoft.Common.CurrentVersion.targets(1293,7): message : Property reassignment: $(TargetFrameworkDirectory)="C:\Program Files %28x86%29\Reference Assemblies\Microsoft\Framework\.NETFramework\v4.7.2\;;;C:\Program Files %28x86%29\Reference Assemblies\Microsoft\Framework\.NETFramework\v4.7.2\Facades\" (previous value: "v4.0.30319") at C:\Program Files\dotnet\sdk\10.0.301\Microsoft.Common.CurrentVersion.targets (1293,7) [D:\Downloads\ParkingSystemProject 1 1\ParkingSystemProject 1 1\ParkingSystemProject 1\ParkingSystemProject\ParkingSystemProject.vbproj]
   2:6>Done building target "GetReferenceAssemblyPaths" in project "ParkingSystemProject.vbproj".
   2:6>Target "PrepareForBuild" in file "C:\Program Files\dotnet\sdk\10.0.301\Microsoft.Common.CurrentVersion.targets" from project "D:\Downloads\ParkingSystemProject 1 1\ParkingSystemProject 1 1\ParkingSystemProject 1\ParkingSystemProject\ParkingSystemProject.vbproj" (target "CoreBuild" depends on it):
       Using "FindAppConfigFile" task from assembly "Microsoft.Build.Tasks.Core, Version=15.1.0.0, Culture=neutral, PublicKeyToken=b03f5f7f11d50a3a".
       Task "FindAppConfigFile"
         Found "App.config".
       Done executing task "FindAppConfigFile".
       Using "MakeDir" task from assembly "Microsoft.Build.Tasks.Core, Version=15.1.0.0, Culture=neutral, PublicKeyToken=b03f5f7f11d50a3a".
       Task "MakeDir"
       Done executing task "MakeDir".
   2:6>Done building target "PrepareForBuild" in project "ParkingSystemProject.vbproj".
   2:6>Target "BeforeResolveReferences" in file "C:\Program Files\dotnet\sdk\10.0.301\Microsoft.Common.CurrentVersion.targets" from project "D:\Downloads\ParkingSystemProject 1 1\ParkingSystemProject 1 1\ParkingSystemProject 1\ParkingSystemProject\ParkingSystemProject.vbproj" (target "ResolveReferences" depends on it):
   2:6>Done building target "BeforeResolveReferences" in project "ParkingSystemProject.vbproj".
   2:6>Target "IgnoreJavaScriptOutputAssembly" in file "C:\Program Files\dotnet\sdk\10.0.301\Microsoft.Common.CurrentVersion.targets" from project "D:\Downloads\ParkingSystemProject 1 1\ParkingSystemProject 1 1\ParkingSystemProject 1\ParkingSystemProject\ParkingSystemProject.vbproj" (target "AssignProjectConfiguration" depends on it):
   2:6>Done building target "IgnoreJavaScriptOutputAssembly" in project "ParkingSystemProject.vbproj".
   2:6>Target "AssignProjectConfiguration" in file "C:\Program Files\dotnet\sdk\10.0.301\Microsoft.Common.CurrentVersion.targets" from project "D:\Downloads\ParkingSystemProject 1 1\ParkingSystemProject 1 1\ParkingSystemProject 1\ParkingSystemProject\ParkingSystemProject.vbproj" (target "ResolveReferences" depends on it):
       Using "AssignProjectConfiguration" task from assembly "Microsoft.Build.Tasks.Core, Version=15.1.0.0, Culture=neutral, PublicKeyToken=b03f5f7f11d50a3a".
       Task "AssignProjectConfiguration"
       Done executing task "AssignProjectConfiguration".
   2:6>Done building target "AssignProjectConfiguration" in project "ParkingSystemProject.vbproj".
       Target "AssignProjectConfiguration" skipped. Previously built successfully.
   2:6>Target "_SplitProjectReferencesByFileExistence" in file "C:\Program Files\dotnet\sdk\10.0.301\Microsoft.Common.CurrentVersion.targets" from project "D:\Downloads\ParkingSystemProject 1 1\ParkingSystemProject 1 1\ParkingSystemProject 1\ParkingSystemProject\ParkingSystemProject.vbproj" (target "PrepareProjectReferences" depends on it):
   2:6>Done building target "_SplitProjectReferencesByFileExistence" in project "ParkingSystemProject.vbproj".
   2:6>Target "_AddOutputPathToGlobalPropertiesToRemove" in file "C:\Program Files\dotnet\sdk\10.0.301\Microsoft.Common.CurrentVersion.targets" from project "D:\Downloads\ParkingSystemProject 1 1\ParkingSystemProject 1 1\ParkingSystemProject 1\ParkingSystemProject\ParkingSystemProject.vbproj" (target "_GetProjectReferenceTargetFrameworkProperties" depends on it):
   2:6>Done building target "_AddOutputPathToGlobalPropertiesToRemove" in project "ParkingSystemProject.vbproj".
   2:6>Target "_GetProjectReferenceTargetFrameworkProperties" in file "C:\Program Files\dotnet\sdk\10.0.301\Microsoft.Common.CurrentVersion.targets" from project "D:\Downloads\ParkingSystemProject 1 1\ParkingSystemProject 1 1\ParkingSystemProject 1\ParkingSystemProject\ParkingSystemProject.vbproj" (target "PrepareProjectReferences" depends on it):
       Task "MSBuild"
       Done executing task "MSBuild".
       Using "SetRidAgnosticValueForProjects" task from assembly "Microsoft.Build.Tasks.Core, Version=15.1.0.0, Culture=neutral, PublicKeyToken=b03f5f7f11d50a3a".
       Task "SetRidAgnosticValueForProjects"
       Done executing task "SetRidAgnosticValueForProjects".
   2:6>Done building target "_GetProjectReferenceTargetFrameworkProperties" in project "ParkingSystemProject.vbproj".
   2:6>Target "PrepareProjectReferences" in file "C:\Program Files\dotnet\sdk\10.0.301\Microsoft.Common.CurrentVersion.targets" from project "D:\Downloads\ParkingSystemProject 1 1\ParkingSystemProject 1 1\ParkingSystemProject 1\ParkingSystemProject\ParkingSystemProject.vbproj" (target "ResolveProjectReferences" depends on it):
   2:6>Done building target "PrepareProjectReferences" in project "ParkingSystemProject.vbproj".
   2:6>Target "ResolveProjectReferences" in file "C:\Program Files\dotnet\sdk\10.0.301\Microsoft.Common.CurrentVersion.targets" from project "D:\Downloads\ParkingSystemProject 1 1\ParkingSystemProject 1 1\ParkingSystemProject 1\ParkingSystemProject\ParkingSystemProject.vbproj" (target "ResolveReferences" depends on it):
   2:6>Done building target "ResolveProjectReferences" in project "ParkingSystemProject.vbproj".
       Target "ResolveProjectReferences" skipped. Previously built successfully.
       Target "GetFrameworkPaths" skipped. Previously built successfully.
       Target "GetReferenceAssemblyPaths" skipped. Previously built successfully.
       Target "PrepareForBuild" skipped. Previously built successfully.
   2:6>Target "ResolveSDKReferences" in file "C:\Program Files\dotnet\sdk\10.0.301\Microsoft.Common.CurrentVersion.targets" from project "D:\Downloads\ParkingSystemProject 1 1\ParkingSystemProject 1 1\ParkingSystemProject 1\ParkingSystemProject\ParkingSystemProject.vbproj" (target "ResolveAssemblyReferences" depends on it):
   2:6>Done building target "ResolveSDKReferences" in project "ParkingSystemProject.vbproj".
       Target "ResolveSDKReferences" skipped. Previously built successfully.
   2:6>Target "ExpandSDKReferences" in file "C:\Program Files\dotnet\sdk\10.0.301\Microsoft.Common.CurrentVersion.targets" from project "D:\Downloads\ParkingSystemProject 1 1\ParkingSystemProject 1 1\ParkingSystemProject 1\ParkingSystemProject\ParkingSystemProject.vbproj" (target "ResolveAssemblyReferences" depends on it):
   2:6>Done building target "ExpandSDKReferences" in project "ParkingSystemProject.vbproj".
   2:6>Target "ImplicitlyExpandNETStandardFacades" in file "C:\Program Files\dotnet\sdk\10.0.301\Microsoft\Microsoft.NET.Build.Extensions\Microsoft.NET.Build.Extensions.NETFramework.targets" from project "D:\Downloads\ParkingSystemProject 1 1\ParkingSystemProject 1 1\ParkingSystemProject 1\ParkingSystemProject\ParkingSystemProject.vbproj" (target "ResolveAssemblyReferences" depends on it):
   2:6>Done building target "ImplicitlyExpandNETStandardFacades" in project "ParkingSystemProject.vbproj".
       Target "GetFrameworkPaths" skipped. Previously built successfully.
       Target "GetReferenceAssemblyPaths" skipped. Previously built successfully.
   2:6>Target "_HandlePackageFileConflicts" in file "C:\Program Files\dotnet\sdk\10.0.301\Microsoft\Microsoft.NET.Build.Extensions\Microsoft.NET.Build.Extensions.ConflictResolution.targets" from project "D:\Downloads\ParkingSystemProject 1 1\ParkingSystemProject 1 1\ParkingSystemProject 1\ParkingSystemProject\ParkingSystemProject.vbproj" (target "ResolveAssemblyReferences" depends on it):
       Using "ResolvePackageFileConflicts" task from assembly "C:\Program Files\dotnet\sdk\10.0.301\Microsoft\Microsoft.NET.Build.Extensions\\tools\net10.0\Microsoft.NET.Build.Extensions.Tasks.dll".
       Task "ResolvePackageFileConflicts"
       Done executing task "ResolvePackageFileConflicts".
   2:6>Done building target "_HandlePackageFileConflicts" in project "ParkingSystemProject.vbproj".
   2:6>Target "ResolveAssemblyReferences" in file "C:\Program Files\dotnet\sdk\10.0.301\Microsoft.Common.CurrentVersion.targets" from project "D:\Downloads\ParkingSystemProject 1 1\ParkingSystemProject 1 1\ParkingSystemProject 1\ParkingSystemProject\ParkingSystemProject.vbproj" (target "ResolveReferences" depends on it):
       Using "ResolveAssemblyReference" task from assembly "Microsoft.Build.Tasks.Core, Version=15.1.0.0, Culture=neutral, PublicKeyToken=b03f5f7f11d50a3a".
       Task "ResolveAssemblyReference"
         TargetFrameworkMoniker:
             .NETFramework,Version=v4.7.2
         TargetFrameworkMonikerDisplayName:
             .NET Framework 4.7.2
         TargetedRuntimeVersion:
             v
         Assemblies:
             System
             System.Data
             System.Deployment
             System.Drawing
             System.Windows.Forms
             System.Xml
             System.Xml.Linq
             System.Data.DataSetExtensions
             System.Net.Http
             System.Resources.Extensions
                 Private = 'True'
                 HintPath = 'C:\Users\reale\.nuget\packages\system.resources.extensions\4.6.0\lib\netstandard2.0\System.Resources.Extensions.dll'
             System.Memory
                 Private = 'True'
                 HintPath = 'C:\Users\reale\.nuget\packages\system.memory\4.6.3\lib\net462\System.Memory.dll'
             System.Buffers
                 Private = 'True'
                 HintPath = 'C:\Users\reale\.nuget\packages\system.buffers\4.6.1\lib\net462\System.Buffers.dll'
             System.Runtime.CompilerServices.Unsafe
                 Private = 'True'
                 HintPath = 'C:\Users\reale\.nuget\packages\system.runtime.compilerservices.unsafe\6.1.2\lib\net462\System.Runtime.CompilerServices.Unsafe.dll'
             System.Numerics.Vectors
                 Private = 'True'
                 HintPath = 'C:\Users\reale\.nuget\packages\system.numerics.vectors\4.6.1\lib\net462\System.Numerics.Vectors.dll'
             System.Core
         AssemblyFiles:
             C:\Program Files (x86)\Reference Assemblies\Microsoft\Framework\.NETFramework\v4.7.2\System.dll
         CandidateAssemblyFiles:
         TargetFrameworkDirectories:
             C:\Program Files (x86)\Reference Assemblies\Microsoft\Framework\.NETFramework\v4.7.2\,C:\Program Files (x86)\Reference Assemblies\Microsoft\Framework\.NETFramework\v4.7.2\Facades\
         NonCultureResourceDirectories:
             
         InstalledAssemblyTables:
         IgnoreInstalledAssemblyTable:
             False
         SearchPaths:
             {CandidateAssemblyFiles}
             {HintPathFromItem}
             {TargetFrameworkDirectory}
             {Registry:Software\Microsoft\.NETFramework,v4.7.2,AssemblyFoldersEx}
             {AssemblyFolders}
             {GAC}
             {RawFileName}
             bin\Debug\
         AllowedAssemblyExtensions:
             .winmd
             .dll
             .exe
         AllowedRelatedFileExtensions:
             .pdb
             .xml
             .pri
             .dll.config
             .exe.config
         AppConfigFile:
             App.config
         AutoUnify:
             True
         EnableCustomCulture:
             False
         EnableCustomCulture:
             False
         CopyLocalDependenciesWhenParentReferenceInGac:
             True
         FindDependencies:
             True
         TargetProcessorArchitecture:
             msil
         StateFile:
             obj\Debug\ParkingSystemProject.vbproj.AssemblyReference.cache
         InstalledAssemblySubsetTables:
         IgnoreInstalledAssemblySubsetTable:
             False
         TargetFrameworkSubsets:
         FullTargetFrameworkSubsetNames:
             Full
         ProfileName:
             
         FullFrameworkFolders:
             C:\Program Files (x86)\Reference Assemblies\Microsoft\Framework\.NETFramework\v4.7.2\
         LatestTargetFrameworkDirectories:
         ProfileTablesLocation:
         Primary reference "System, Version=4.0.0.0, Culture=neutral, PublicKeyToken=b77a5c561934e089".
             Resolved file path is "C:\Program Files (x86)\Reference Assemblies\Microsoft\Framework\.NETFramework\v4.7.2\System.dll".
             Reference found at search path location "{TargetFrameworkDirectory}".
                 For SearchPath "{TargetFrameworkDirectory}".
                 Considered "C:\Program Files (x86)\Reference Assemblies\Microsoft\Framework\.NETFramework\v4.7.2\System.winmd", but it didn't exist.
             This reference is not "CopyLocal" because it's a prerequisite file.
         Primary reference "System.Data, Version=4.0.0.0, Culture=neutral, PublicKeyToken=b77a5c561934e089".
             Resolved file path is "C:\Program Files (x86)\Reference Assemblies\Microsoft\Framework\.NETFramework\v4.7.2\System.Data.dll".
             Reference found at search path location "{TargetFrameworkDirectory}".
                 For SearchPath "{TargetFrameworkDirectory}".
                 Considered "C:\Program Files (x86)\Reference Assemblies\Microsoft\Framework\.NETFramework\v4.7.2\System.Data.winmd", but it didn't exist.
             This reference is not "CopyLocal" because it's a prerequisite file.
         Primary reference "System.Deployment, Version=4.0.0.0, Culture=neutral, PublicKeyToken=b03f5f7f11d50a3a".
             Resolved file path is "C:\Program Files (x86)\Reference Assemblies\Microsoft\Framework\.NETFramework\v4.7.2\System.Deployment.dll".
             Reference found at search path location "{TargetFrameworkDirectory}".
                 For SearchPath "{TargetFrameworkDirectory}".
                 Considered "C:\Program Files (x86)\Reference Assemblies\Microsoft\Framework\.NETFramework\v4.7.2\System.Deployment.winmd", but it didn't exist.
             This reference is not "CopyLocal" because it's a prerequisite file.
         Primary reference "System.Drawing, Version=4.0.0.0, Culture=neutral, PublicKeyToken=b03f5f7f11d50a3a".
             Resolved file path is "C:\Program Files (x86)\Reference Assemblies\Microsoft\Framework\.NETFramework\v4.7.2\System.Drawing.dll".
             Reference found at search path location "{TargetFrameworkDirectory}".
                 For SearchPath "{TargetFrameworkDirectory}".
                 Considered "C:\Program Files (x86)\Reference Assemblies\Microsoft\Framework\.NETFramework\v4.7.2\System.Drawing.winmd", but it didn't exist.
             This reference is not "CopyLocal" because it's a prerequisite file.
         Primary reference "System.Windows.Forms, Version=4.0.0.0, Culture=neutral, PublicKeyToken=b77a5c561934e089".
             Resolved file path is "C:\Program Files (x86)\Reference Assemblies\Microsoft\Framework\.NETFramework\v4.7.2\System.Windows.Forms.dll".
             Reference found at search path location "{TargetFrameworkDirectory}".
                 For SearchPath "{TargetFrameworkDirectory}".
                 Considered "C:\Program Files (x86)\Reference Assemblies\Microsoft\Framework\.NETFramework\v4.7.2\System.Windows.Forms.winmd", but it didn't exist.
             This reference is not "CopyLocal" because it's a prerequisite file.
         Primary reference "System.Xml, Version=4.0.0.0, Culture=neutral, PublicKeyToken=b77a5c561934e089".
             Resolved file path is "C:\Program Files (x86)\Reference Assemblies\Microsoft\Framework\.NETFramework\v4.7.2\System.Xml.dll".
             Reference found at search path location "{TargetFrameworkDirectory}".
                 For SearchPath "{TargetFrameworkDirectory}".
                 Considered "C:\Program Files (x86)\Reference Assemblies\Microsoft\Framework\.NETFramework\v4.7.2\System.Xml.winmd", but it didn't exist.
             This reference is not "CopyLocal" because it's a prerequisite file.
         Primary reference "System.Xml.Linq, Version=4.0.0.0, Culture=neutral, PublicKeyToken=b77a5c561934e089".
             Resolved file path is "C:\Program Files (x86)\Reference Assemblies\Microsoft\Framework\.NETFramework\v4.7.2\System.Xml.Linq.dll".
             Reference found at search path location "{TargetFrameworkDirectory}".
                 For SearchPath "{TargetFrameworkDirectory}".
                 Considered "C:\Program Files (x86)\Reference Assemblies\Microsoft\Framework\.NETFramework\v4.7.2\System.Xml.Linq.winmd", but it didn't exist.
             This reference is not "CopyLocal" because it's a prerequisite file.
         Primary reference "System.Data.DataSetExtensions, Version=4.0.0.0, Culture=neutral, PublicKeyToken=b77a5c561934e089".
             Resolved file path is "C:\Program Files (x86)\Reference Assemblies\Microsoft\Framework\.NETFramework\v4.7.2\System.Data.DataSetExtensions.dll".
             Reference found at search path location "{TargetFrameworkDirectory}".
                 For SearchPath "{TargetFrameworkDirectory}".
                 Considered "C:\Program Files (x86)\Reference Assemblies\Microsoft\Framework\.NETFramework\v4.7.2\System.Data.DataSetExtensions.winmd", but it didn't exist.
             This reference is not "CopyLocal" because it's a prerequisite file.
         Primary reference "System.Net.Http, Version=4.2.0.0, Culture=neutral, PublicKeyToken=b03f5f7f11d50a3a".
             Resolved file path is "C:\Program Files (x86)\Reference Assemblies\Microsoft\Framework\.NETFramework\v4.7.2\System.Net.Http.dll".
             Reference found at search path location "{TargetFrameworkDirectory}".
                 For SearchPath "{TargetFrameworkDirectory}".
                 Considered "C:\Program Files (x86)\Reference Assemblies\Microsoft\Framework\.NETFramework\v4.7.2\System.Net.Http.winmd", but it didn't exist.
             This reference is not "CopyLocal" because it's a prerequisite file.
         Primary reference "System.Resources.Extensions, Version=4.0.0.0, Culture=neutral, PublicKeyToken=cc7b13ffcd2ddd51".
             Resolved file path is "C:\Users\reale\.nuget\packages\system.resources.extensions\4.6.0\lib\netstandard2.0\System.Resources.Extensions.dll".
             Reference found at search path location "{HintPathFromItem}".
             Found related file "C:\Users\reale\.nuget\packages\system.resources.extensions\4.6.0\lib\netstandard2.0\System.Resources.Extensions.xml".
         Unified primary reference "System.Memory, Version=4.0.5.0, Culture=neutral, PublicKeyToken=cc7b13ffcd2ddd51".
             Using this version instead of original version "4.0.1.1" in "C:\Users\reale\.nuget\packages\system.resources.extensions\4.6.0\lib\netstandard2.0\System.Resources.Extensions.dll" because AutoUnify is 'true'.
             Resolved file path is "C:\Users\reale\.nuget\packages\system.memory\4.6.3\lib\net462\System.Memory.dll".
             Reference found at search path location "{HintPathFromItem}".
             Found related file "C:\Users\reale\.nuget\packages\system.memory\4.6.3\lib\net462\System.Memory.xml".
         Primary reference "System.Buffers, Version=4.0.5.0, Culture=neutral, PublicKeyToken=cc7b13ffcd2ddd51".
             Resolved file path is "C:\Users\reale\.nuget\packages\system.buffers\4.6.1\lib\net462\System.Buffers.dll".
             Reference found at search path location "{HintPathFromItem}".
             Found related file "C:\Users\reale\.nuget\packages\system.buffers\4.6.1\lib\net462\System.Buffers.xml".
         Primary reference "System.Runtime.CompilerServices.Unsafe, Version=6.0.3.0, Culture=neutral, PublicKeyToken=b03f5f7f11d50a3a".
             Resolved file path is "C:\Users\reale\.nuget\packages\system.runtime.compilerservices.unsafe\6.1.2\lib\net462\System.Runtime.CompilerServices.Unsafe.dll".
             Reference found at search path location "{HintPathFromItem}".
             Found related file "C:\Users\reale\.nuget\packages\system.runtime.compilerservices.unsafe\6.1.2\lib\net462\System.Runtime.CompilerServices.Unsafe.xml".
         Primary reference "System.Numerics.Vectors, Version=4.1.6.0, Culture=neutral, PublicKeyToken=b03f5f7f11d50a3a".
             Resolved file path is "C:\Users\reale\.nuget\packages\system.numerics.vectors\4.6.1\lib\net462\System.Numerics.Vectors.dll".
             Reference found at search path location "{HintPathFromItem}".
             Found related file "C:\Users\reale\.nuget\packages\system.numerics.vectors\4.6.1\lib\net462\System.Numerics.Vectors.xml".
         Primary reference "System.Core, Version=4.0.0.0, Culture=neutral, PublicKeyToken=b77a5c561934e089".
             Resolved file path is "C:\Program Files (x86)\Reference Assemblies\Microsoft\Framework\.NETFramework\v4.7.2\System.Core.dll".
             Reference found at search path location "{TargetFrameworkDirectory}".
                 For SearchPath "{TargetFrameworkDirectory}".
                 Considered "C:\Program Files (x86)\Reference Assemblies\Microsoft\Framework\.NETFramework\v4.7.2\System.Core.winmd", but it didn't exist.
             This reference is not "CopyLocal" because it's a prerequisite file.
         Dependency "netstandard, Version=2.0.0.0, Culture=neutral, PublicKeyToken=cc7b13ffcd2ddd51".
             Resolved file path is "C:\Program Files (x86)\Reference Assemblies\Microsoft\Framework\.NETFramework\v4.7.2\Facades\netstandard.dll".
             Reference found at search path location "{TargetFrameworkDirectory}".
                 For SearchPath "C:\Users\reale\.nuget\packages\system.resources.extensions\4.6.0\lib\netstandard2.0" (added by referencing assembly "C:\Users\reale\.nuget\packages\system.resources.extensions\4.6.0\lib\netstandard2.0\System.Resources.Extensions.dll").
                 Considered "C:\Users\reale\.nuget\packages\system.resources.extensions\4.6.0\lib\netstandard2.0\netstandard.winmd", but it didn't exist.
                 Considered "C:\Users\reale\.nuget\packages\system.resources.extensions\4.6.0\lib\netstandard2.0\netstandard.dll", but it didn't exist.
                 Considered "C:\Users\reale\.nuget\packages\system.resources.extensions\4.6.0\lib\netstandard2.0\netstandard.exe", but it didn't exist.
                 For SearchPath "{TargetFrameworkDirectory}".
                 Considered "C:\Program Files (x86)\Reference Assemblies\Microsoft\Framework\.NETFramework\v4.7.2\netstandard.winmd", but it didn't exist.
                 Considered "C:\Program Files (x86)\Reference Assemblies\Microsoft\Framework\.NETFramework\v4.7.2\netstandard.dll", but it didn't exist.
                 Considered "C:\Program Files (x86)\Reference Assemblies\Microsoft\Framework\.NETFramework\v4.7.2\netstandard.exe", but it didn't exist.
                 Considered "C:\Program Files (x86)\Reference Assemblies\Microsoft\Framework\.NETFramework\v4.7.2\Facades\netstandard.winmd", but it didn't exist.
             Required by "System.Resources.Extensions".
             This reference is not "CopyLocal" because it's a prerequisite file.
         Dependency "mscorlib, Version=4.0.0.0, Culture=neutral, PublicKeyToken=b77a5c561934e089".
             Resolved file path is "C:\Program Files (x86)\Reference Assemblies\Microsoft\Framework\.NETFramework\v4.7.2\mscorlib.dll".
             Reference found at search path location "{TargetFrameworkDirectory}".
                 For SearchPath "C:\Users\reale\.nuget\packages\system.memory\4.6.3\lib\net462" (added by referencing assembly "C:\Users\reale\.nuget\packages\system.memory\4.6.3\lib\net462\System.Memory.dll").
                 Considered "C:\Users\reale\.nuget\packages\system.memory\4.6.3\lib\net462\mscorlib.winmd", but it didn't exist.
                 Considered "C:\Users\reale\.nuget\packages\system.memory\4.6.3\lib\net462\mscorlib.dll", but it didn't exist.
                 Considered "C:\Users\reale\.nuget\packages\system.memory\4.6.3\lib\net462\mscorlib.exe", but it didn't exist.
                 For SearchPath "{TargetFrameworkDirectory}".
                 Considered "C:\Program Files (x86)\Reference Assemblies\Microsoft\Framework\.NETFramework\v4.7.2\mscorlib.winmd", but it didn't exist.
             Required by "System.Memory".
             Required by "System.Resources.Extensions".
             Required by "System.Buffers".
             Required by "System.Runtime.CompilerServices.Unsafe".
             Required by "System.Numerics.Vectors".
             This reference is not "CopyLocal" because it's a prerequisite file.
         Dependency "System.Numerics, Version=4.0.0.0, Culture=neutral, PublicKeyToken=b77a5c561934e089".
             Resolved file path is "C:\Program Files (x86)\Reference Assemblies\Microsoft\Framework\.NETFramework\v4.7.2\System.Numerics.dll".
             Reference found at search path location "{TargetFrameworkDirectory}".
                 For SearchPath "C:\Users\reale\.nuget\packages\system.numerics.vectors\4.6.1\lib\net462" (added by referencing assembly "C:\Users\reale\.nuget\packages\system.numerics.vectors\4.6.1\lib\net462\System.Numerics.Vectors.dll").
                 Considered "C:\Users\reale\.nuget\packages\system.numerics.vectors\4.6.1\lib\net462\System.Numerics.winmd", but it didn't exist.
                 Considered "C:\Users\reale\.nuget\packages\system.numerics.vectors\4.6.1\lib\net462\System.Numerics.dll", but it didn't exist.
                 Considered "C:\Users\reale\.nuget\packages\system.numerics.vectors\4.6.1\lib\net462\System.Numerics.exe", but it didn't exist.
                 For SearchPath "{TargetFrameworkDirectory}".
                 Considered "C:\Program Files (x86)\Reference Assemblies\Microsoft\Framework\.NETFramework\v4.7.2\System.Numerics.winmd", but it didn't exist.
             Required by "System.Numerics.Vectors".
             Required by "System.Memory".
             Required by "System.Resources.Extensions".
             This reference is not "CopyLocal" because it's a prerequisite file.
       Done executing task "ResolveAssemblyReference".
   2:6>Done building target "ResolveAssemblyReferences" in project "ParkingSystemProject.vbproj".
       Target "ResolveAssemblyReferences" skipped. Previously built successfully.
   2:6>Target "_GenerateSuggestedBindingRedirectsCache" in file "C:\Program Files\dotnet\sdk\10.0.301\Microsoft.Common.CurrentVersion.targets" from project "D:\Downloads\ParkingSystemProject 1 1\ParkingSystemProject 1 1\ParkingSystemProject 1\ParkingSystemProject\ParkingSystemProject.vbproj" (target "GenerateBindingRedirects" depends on it):
       Using "Hash" task from assembly "Microsoft.Build.Tasks.Core, Version=15.1.0.0, Culture=neutral, PublicKeyToken=b03f5f7f11d50a3a".
       Task "Hash"
       Done executing task "Hash".
       Using "WriteLinesToFile" task from assembly "Microsoft.Build.Tasks.Core, Version=15.1.0.0, Culture=neutral, PublicKeyToken=b03f5f7f11d50a3a".
       Task "WriteLinesToFile"
         Skipping write to file "obj\Debug\ParkingSystemProject.vbproj.SuggestedBindingRedirects.cache" because content would not change.
       Done executing task "WriteLinesToFile".
   2:6>Done building target "_GenerateSuggestedBindingRedirectsCache" in project "ParkingSystemProject.vbproj".
       Target "ResolveAssemblyReferences" skipped. Previously built successfully.
   2:6>Target "_RemoveZipFileSuggestedRedirect" in file "C:\Program Files\dotnet\sdk\10.0.301\Microsoft\Microsoft.NET.Build.Extensions\Microsoft.NET.Build.Extensions.NETFramework.targets" from project "D:\Downloads\ParkingSystemProject 1 1\ParkingSystemProject 1 1\ParkingSystemProject 1\ParkingSystemProject\ParkingSystemProject.vbproj" (target "GenerateBindingRedirects" depends on it):
   2:6>Done building target "_RemoveZipFileSuggestedRedirect" in project "ParkingSystemProject.vbproj".
   2:6>Target "GenerateBindingRedirects" in file "C:\Program Files\dotnet\sdk\10.0.301\Microsoft.Common.CurrentVersion.targets" from project "D:\Downloads\ParkingSystemProject 1 1\ParkingSystemProject 1 1\ParkingSystemProject 1\ParkingSystemProject\ParkingSystemProject.vbproj" (target "ResolveReferences" depends on it):
       Skipping target "GenerateBindingRedirects" because all output files are up-to-date with respect to the input files.
       Input files: 
           App.config
           D:\Downloads\ParkingSystemProject 1 1\ParkingSystemProject 1 1\ParkingSystemProject 1\ParkingSystemProject\ParkingSystemProject.vbproj
           C:\Program Files\dotnet\sdk\10.0.301\Current\Microsoft.Common.targets\ImportAfter\Microsoft.TestPlatform.ImportAfter.targets
           obj\Debug\ParkingSystemProject.vbproj.SuggestedBindingRedirects.cache
       Output files: obj\Debug\ParkingSystemProject.exe.config
   2:6>Done building target "GenerateBindingRedirects" in project "ParkingSystemProject.vbproj".
   2:6>Target "GenerateBindingRedirectsUpdateAppConfig" in file "C:\Program Files\dotnet\sdk\10.0.301\Microsoft.Common.CurrentVersion.targets" from project "D:\Downloads\ParkingSystemProject 1 1\ParkingSystemProject 1 1\ParkingSystemProject 1\ParkingSystemProject\ParkingSystemProject.vbproj" (target "ResolveReferences" depends on it):
       C:\Program Files\dotnet\sdk\10.0.301\Microsoft.Common.CurrentVersion.targets(2600,7): message : Property reassignment: $(AppConfig)="obj\Debug\ParkingSystemProject.exe.config" (previous value: "App.config") at C:\Program Files\dotnet\sdk\10.0.301\Microsoft.Common.CurrentVersion.targets (2600,7) [D:\Downloads\ParkingSystemProject 1 1\ParkingSystemProject 1 1\ParkingSystemProject 1\ParkingSystemProject\ParkingSystemProject.vbproj]
   2:6>Done building target "GenerateBindingRedirectsUpdateAppConfig" in project "ParkingSystemProject.vbproj".
   2:6>Target "AfterResolveReferences" in file "C:\Program Files\dotnet\sdk\10.0.301\Microsoft.Common.CurrentVersion.targets" from project "D:\Downloads\ParkingSystemProject 1 1\ParkingSystemProject 1 1\ParkingSystemProject 1\ParkingSystemProject\ParkingSystemProject.vbproj" (target "ResolveReferences" depends on it):
   2:6>Done building target "AfterResolveReferences" in project "ParkingSystemProject.vbproj".
       Target "GetReferenceAssemblyPaths" skipped. Previously built successfully.
   2:6>Target "ImplicitlyExpandDesignTimeFacades" in file "C:\Program Files\dotnet\sdk\10.0.301\Microsoft.NETFramework.CurrentVersion.targets" from project "D:\Downloads\ParkingSystemProject 1 1\ParkingSystemProject 1 1\ParkingSystemProject 1\ParkingSystemProject\ParkingSystemProject.vbproj" (target "ResolveReferences" depends on it):
   2:6>Done building target "ImplicitlyExpandDesignTimeFacades" in project "ParkingSystemProject.vbproj".
   2:6>Target "ResolveReferences" in file "C:\Program Files\dotnet\sdk\10.0.301\Microsoft.Common.CurrentVersion.targets" from project "D:\Downloads\ParkingSystemProject 1 1\ParkingSystemProject 1 1\ParkingSystemProject 1\ParkingSystemProject\ParkingSystemProject.vbproj" (target "CoreBuild" depends on it):
   2:6>Done building target "ResolveReferences" in project "ParkingSystemProject.vbproj".
   2:6>Target "CopyAdditionalFiles" in file "C:\Program Files\dotnet\sdk\10.0.301\Roslyn\Microsoft.Managed.Core.targets" from project "D:\Downloads\ParkingSystemProject 1 1\ParkingSystemProject 1 1\ParkingSystemProject 1\ParkingSystemProject\ParkingSystemProject.vbproj" (target "AssignTargetPaths" depends on it):
   2:6>Done building target "CopyAdditionalFiles" in project "ParkingSystemProject.vbproj".
   2:6>Target "AssignTargetPaths" in file "C:\Program Files\dotnet\sdk\10.0.301\Microsoft.Common.CurrentVersion.targets" from project "D:\Downloads\ParkingSystemProject 1 1\ParkingSystemProject 1 1\ParkingSystemProject 1\ParkingSystemProject\ParkingSystemProject.vbproj" (target "PrepareResourceNames" depends on it):
       Using "AssignTargetPath" task from assembly "Microsoft.Build.Tasks.Core, Version=15.1.0.0, Culture=neutral, PublicKeyToken=b03f5f7f11d50a3a".
       Task "AssignTargetPath"
       Done executing task "AssignTargetPath".
       Task "AssignTargetPath"
       Done executing task "AssignTargetPath".
       Task "AssignTargetPath"
       Done executing task "AssignTargetPath".
       Task "AssignTargetPath"
       Done executing task "AssignTargetPath".
   2:6>Done building target "AssignTargetPaths" in project "ParkingSystemProject.vbproj".
       Target "AssignTargetPaths" skipped. Previously built successfully.
   2:6>Target "SplitResourcesByCulture" in file "C:\Program Files\dotnet\sdk\10.0.301\Microsoft.Common.CurrentVersion.targets" from project "D:\Downloads\ParkingSystemProject 1 1\ParkingSystemProject 1 1\ParkingSystemProject 1\ParkingSystemProject\ParkingSystemProject.vbproj" (target "PrepareResourceNames" depends on it):
       Using "AssignCulture" task from assembly "Microsoft.Build.Tasks.Core, Version=15.1.0.0, Culture=neutral, PublicKeyToken=b03f5f7f11d50a3a".
       Task "AssignCulture"
         Culture of "" was assigned to file "DashBoardForm.resx".
         Culture of "" was assigned to file "frmadmindashboard.resx".
         Culture of "" was assigned to file "Form1.resx".
         Culture of "" was assigned to file "My Project\Resources.resx".
         Culture of "" was assigned to file "ParkingManagerForm.resx".
         Culture of "" was assigned to file "SuccessDialogForm.resx".
         Culture of "" was assigned to file "CheckoutDialog.resx".
       Done executing task "AssignCulture".
   2:6>Done building target "SplitResourcesByCulture" in project "ParkingSystemProject.vbproj".
   2:6>Target "CreateManifestResourceNames" in file "C:\Program Files\dotnet\sdk\10.0.301\Microsoft.VisualBasic.CurrentVersion.targets" from project "D:\Downloads\ParkingSystemProject 1 1\ParkingSystemProject 1 1\ParkingSystemProject 1\ParkingSystemProject\ParkingSystemProject.vbproj" (target "PrepareResourceNames" depends on it):
       Using "CreateVisualBasicManifestResourceName" task from assembly "Microsoft.Build.Tasks.Core, Version=15.1.0.0, Culture=neutral, PublicKeyToken=b03f5f7f11d50a3a".
       Task "CreateVisualBasicManifestResourceName"
         Root namespace is 'ParkingSystemProject'.
         Resource file 'DashBoardForm.resx' depends on 'DashBoardForm.vb'.
         Resource file 'DashBoardForm.resx' gets manifest resource name 'ParkingSystemProject.DashBoardForm'.
         Resource file 'frmadmindashboard.resx' depends on 'frmadmindashboard.vb'.
         Resource file 'frmadmindashboard.resx' gets manifest resource name 'ParkingSystemProject.frmadmindashboard'.
         Resource file 'Form1.resx' depends on 'Form1.vb'.
         Resource file 'Form1.resx' gets manifest resource name 'ParkingSystemProject.Form1'.
         Resource file 'My Project\Resources.resx' doesn't depend on any other file.
         Resource file 'My Project\Resources.resx' gets manifest resource name 'ParkingSystemProject.Resources'.
         Resource file 'ParkingManagerForm.resx' depends on 'ParkingManagerForm.vb'.
         Resource file 'ParkingManagerForm.resx' gets manifest resource name 'ParkingSystemProject.ParkingManagerForm'.
         Resource file 'SuccessDialogForm.resx' depends on 'SuccessDialogForm.vb'.
         Resource file 'SuccessDialogForm.resx' gets manifest resource name 'ParkingSystemProject.SuccessDialogForm'.
         Resource file 'CheckoutDialog.resx' depends on 'CheckoutDialog.vb'.
         Resource file 'CheckoutDialog.resx' gets manifest resource name 'ParkingSystemProject.CheckoutDialog'.
       Done executing task "CreateVisualBasicManifestResourceName".
   2:6>Done building target "CreateManifestResourceNames" in project "ParkingSystemProject.vbproj".
   2:6>Target "CreateCustomManifestResourceNames" in file "C:\Program Files\dotnet\sdk\10.0.301\Microsoft.Common.CurrentVersion.targets" from project "D:\Downloads\ParkingSystemProject 1 1\ParkingSystemProject 1 1\ParkingSystemProject 1\ParkingSystemProject\ParkingSystemProject.vbproj" (target "PrepareResourceNames" depends on it):
   2:6>Done building target "CreateCustomManifestResourceNames" in project "ParkingSystemProject.vbproj".
   2:6>Target "PrepareResourceNames" in file "C:\Program Files\dotnet\sdk\10.0.301\Microsoft.Common.CurrentVersion.targets" from project "D:\Downloads\ParkingSystemProject 1 1\ParkingSystemProject 1 1\ParkingSystemProject 1\ParkingSystemProject\ParkingSystemProject.vbproj" (target "PrepareResources" depends on it):
   2:6>Done building target "PrepareResourceNames" in project "ParkingSystemProject.vbproj".
       Target "ResolveAssemblyReferences" skipped. Previously built successfully.
       Target "SplitResourcesByCulture" skipped. Previously built successfully.
   2:6>Target "BeforeResGen" in file "C:\Program Files\dotnet\sdk\10.0.301\Microsoft.Common.CurrentVersion.targets" from project "D:\Downloads\ParkingSystemProject 1 1\ParkingSystemProject 1 1\ParkingSystemProject 1\ParkingSystemProject\ParkingSystemProject.vbproj" (target "ResGen" depends on it):
   2:6>Done building target "BeforeResGen" in project "ParkingSystemProject.vbproj".
       Target "ResolveReferences" skipped. Previously built successfully.
   2:6>Target "FindReferenceAssembliesForReferences" in file "C:\Program Files\dotnet\sdk\10.0.301\Microsoft.Common.CurrentVersion.targets" from project "D:\Downloads\ParkingSystemProject 1 1\ParkingSystemProject 1 1\ParkingSystemProject 1\ParkingSystemProject\ParkingSystemProject.vbproj" (target "CoreResGen" depends on it):
   2:6>Done building target "FindReferenceAssembliesForReferences" in project "ParkingSystemProject.vbproj".
   2:6>Target "CoreResGen" in file "C:\Program Files\dotnet\sdk\10.0.301\Microsoft.Common.CurrentVersion.targets" from project "D:\Downloads\ParkingSystemProject 1 1\ParkingSystemProject 1 1\ParkingSystemProject 1\ParkingSystemProject\ParkingSystemProject.vbproj" (target "ResGen" depends on it):
       Using "GenerateResource" task from assembly "Microsoft.Build.Tasks.Core, Version=15.1.0.0, Culture=neutral, PublicKeyToken=b03f5f7f11d50a3a".
       Task "GenerateResource"
         Task assembly was loaded from 'C:\Program Files\dotnet\sdk\10.0.301\Microsoft.Build.dll' while the desired location was 'C:\Program Files\dotnet\sdk\10.0.301\Microsoft.Build.Tasks.Core.dll'.
         Launching task "GenerateResource" from assembly "Microsoft.Build.Tasks.Core, Version=15.1.0.0, Culture=neutral, PublicKeyToken=b03f5f7f11d50a3a" in an external task host with a runtime of "NET" and a process architecture of "x86".
         No resources are out of date with respect to their source files. Skipping resource generation.
       Done executing task "GenerateResource".
   2:6>Done building target "CoreResGen" in project "ParkingSystemProject.vbproj".
   2:6>Target "AfterResGen" in file "C:\Program Files\dotnet\sdk\10.0.301\Microsoft.Common.CurrentVersion.targets" from project "D:\Downloads\ParkingSystemProject 1 1\ParkingSystemProject 1 1\ParkingSystemProject 1\ParkingSystemProject\ParkingSystemProject.vbproj" (target "ResGen" depends on it):
   2:6>Done building target "AfterResGen" in project "ParkingSystemProject.vbproj".
   2:6>Target "ResGen" in file "C:\Program Files\dotnet\sdk\10.0.301\Microsoft.Common.CurrentVersion.targets" from project "D:\Downloads\ParkingSystemProject 1 1\ParkingSystemProject 1 1\ParkingSystemProject 1\ParkingSystemProject\ParkingSystemProject.vbproj" (target "PrepareResources" depends on it):
   2:6>Done building target "ResGen" in project "ParkingSystemProject.vbproj".
   2:6>Target "PrepareResources" in file "C:\Program Files\dotnet\sdk\10.0.301\Microsoft.Common.CurrentVersion.targets" from project "D:\Downloads\ParkingSystemProject 1 1\ParkingSystemProject 1 1\ParkingSystemProject 1\ParkingSystemProject\ParkingSystemProject.vbproj" (target "CoreBuild" depends on it):
   2:6>Done building target "PrepareResources" in project "ParkingSystemProject.vbproj".
       Target "ResolveReferences" skipped. Previously built successfully.
   2:6>Target "_SetEmbeddedWin32ManifestProperties" in file "C:\Program Files\dotnet\sdk\10.0.301\Microsoft.Common.CurrentVersion.targets" from project "D:\Downloads\ParkingSystemProject 1 1\ParkingSystemProject 1 1\ParkingSystemProject 1\ParkingSystemProject\ParkingSystemProject.vbproj" (target "SetWin32ManifestProperties" depends on it):
       Using "GetFrameworkPath" task from assembly "Microsoft.Build.Tasks.Core, Version=15.1.0.0, Culture=neutral, PublicKeyToken=b03f5f7f11d50a3a".
       Task "GetFrameworkPath"
       Done executing task "GetFrameworkPath".
   2:6>Done building target "_SetEmbeddedWin32ManifestProperties" in project "ParkingSystemProject.vbproj".
   2:6>Target "SetWin32ManifestProperties" in file "C:\Program Files\dotnet\sdk\10.0.301\Microsoft.Common.CurrentVersion.targets" from project "D:\Downloads\ParkingSystemProject 1 1\ParkingSystemProject 1 1\ParkingSystemProject 1\ParkingSystemProject\ParkingSystemProject.vbproj" (target "Compile" depends on it):
   2:6>Done building target "SetWin32ManifestProperties" in project "ParkingSystemProject.vbproj".
       Target "FindReferenceAssembliesForReferences" skipped. Previously built successfully.
   2:6>Target "_GenerateCompileInputs" in file "C:\Program Files\dotnet\sdk\10.0.301\Microsoft.Common.CurrentVersion.targets" from project "D:\Downloads\ParkingSystemProject 1 1\ParkingSystemProject 1 1\ParkingSystemProject 1\ParkingSystemProject\ParkingSystemProject.vbproj" (target "Compile" depends on it):
   2:6>Done building target "_GenerateCompileInputs" in project "ParkingSystemProject.vbproj".
       Target "PrepareForBuild" skipped. Previously built successfully.
   2:6>Target "GenerateMSBuildEditorConfigFileShouldRun" in file "C:\Program Files\dotnet\sdk\10.0.301\Roslyn\Microsoft.Managed.Core.targets" from project "D:\Downloads\ParkingSystemProject 1 1\ParkingSystemProject 1 1\ParkingSystemProject 1\ParkingSystemProject\ParkingSystemProject.vbproj" (target "GenerateMSBuildEditorConfigFile" depends on it):
   2:6>Done building target "GenerateMSBuildEditorConfigFileShouldRun" in project "ParkingSystemProject.vbproj".
   2:6>Target "GenerateMSBuildEditorConfigFile" in file "C:\Program Files\dotnet\sdk\10.0.301\Roslyn\Microsoft.Managed.Core.targets" from project "D:\Downloads\ParkingSystemProject 1 1\ParkingSystemProject 1 1\ParkingSystemProject 1\ParkingSystemProject\ParkingSystemProject.vbproj" (target "BeforeCompile" depends on it):
   2:6>Done building target "GenerateMSBuildEditorConfigFile" in project "ParkingSystemProject.vbproj".
       Target "PrepareForBuild" skipped. Previously built successfully.
       Target "GetReferenceAssemblyPaths" skipped. Previously built successfully.
   2:6>Target "_SetTargetFrameworkMonikerAttribute" in file "C:\Program Files\dotnet\sdk\10.0.301\Microsoft.VisualBasic.CurrentVersion.targets" from project "D:\Downloads\ParkingSystemProject 1 1\ParkingSystemProject 1 1\ParkingSystemProject 1\ParkingSystemProject\ParkingSystemProject.vbproj" (target "GenerateTargetFrameworkMonikerAttribute" depends on it):
   2:6>Done building target "_SetTargetFrameworkMonikerAttribute" in project "ParkingSystemProject.vbproj".
   2:6>Target "GenerateTargetFrameworkMonikerAttribute" in file "C:\Program Files\dotnet\sdk\10.0.301\Microsoft.Common.CurrentVersion.targets" from project "D:\Downloads\ParkingSystemProject 1 1\ParkingSystemProject 1 1\ParkingSystemProject 1\ParkingSystemProject\ParkingSystemProject.vbproj" (target "BeforeCompile" depends on it):
       Skipping target "GenerateTargetFrameworkMonikerAttribute" because all output files are up-to-date with respect to the input files.
       Input files: C:\Program Files\dotnet\sdk\10.0.301\Microsoft.Common.targets
       Output files: obj\Debug\.NETFramework,Version=v4.7.2.AssemblyAttributes.vb
   2:6>Done building target "GenerateTargetFrameworkMonikerAttribute" in project "ParkingSystemProject.vbproj".
   2:6>Target "BeforeCompile" in file "C:\Program Files\dotnet\sdk\10.0.301\Microsoft.Common.CurrentVersion.targets" from project "D:\Downloads\ParkingSystemProject 1 1\ParkingSystemProject 1 1\ParkingSystemProject 1\ParkingSystemProject\ParkingSystemProject.vbproj" (target "Compile" depends on it):
   2:6>Done building target "BeforeCompile" in project "ParkingSystemProject.vbproj".
       Target "ResolveAssemblyReferences" skipped. Previously built successfully.
       Target "_GenerateCompileInputs" skipped. Previously built successfully.
   2:6>Target "_GenerateCompileDependencyCache" in file "C:\Program Files\dotnet\sdk\10.0.301\Microsoft.Common.CurrentVersion.targets" from project "D:\Downloads\ParkingSystemProject 1 1\ParkingSystemProject 1 1\ParkingSystemProject 1\ParkingSystemProject\ParkingSystemProject.vbproj" (target "Compile" depends on it):
       Task "Hash"
       Done executing task "Hash".
       Task "WriteLinesToFile"
         Skipping write to file "obj\Debug\ParkingSystemProject.vbproj.CoreCompileInputs.cache" because content would not change.
       Done executing task "WriteLinesToFile".
   2:6>Done building target "_GenerateCompileDependencyCache" in project "ParkingSystemProject.vbproj".
   2:6>Target "_BeforeVBCSCoreCompile" in file "C:\Program Files\dotnet\sdk\10.0.301\Roslyn\Microsoft.Managed.Core.targets" from project "D:\Downloads\ParkingSystemProject 1 1\ParkingSystemProject 1 1\ParkingSystemProject 1\ParkingSystemProject\ParkingSystemProject.vbproj" (target "CoreCompile" depends on it):
   2:6>Done building target "_BeforeVBCSCoreCompile" in project "ParkingSystemProject.vbproj".
   2:6>Target "_ComputeSkipAnalyzers" in file "C:\Program Files\dotnet\sdk\10.0.301\Roslyn\Microsoft.Managed.Core.targets" from project "D:\Downloads\ParkingSystemProject 1 1\ParkingSystemProject 1 1\ParkingSystemProject 1\ParkingSystemProject\ParkingSystemProject.vbproj" (target "CoreCompile" depends on it):
   2:6>Done building target "_ComputeSkipAnalyzers" in project "ParkingSystemProject.vbproj".
   2:6>Target "CoreCompile" in file "C:\Program Files\dotnet\sdk\10.0.301\Roslyn\Microsoft.VisualBasic.Core.targets" from project "D:\Downloads\ParkingSystemProject 1 1\ParkingSystemProject 1 1\ParkingSystemProject 1\ParkingSystemProject\ParkingSystemProject.vbproj" (target "Compile" depends on it):
       Building target "CoreCompile" completely.
       Input file "ManageReservationDialogForm.Designer.vb" is newer than output file "obj\Debug\ParkingSystemProject.xml".
       Using "Vbc" task from assembly "C:\Program Files\dotnet\sdk\10.0.301\Roslyn\Microsoft.Build.Tasks.CodeAnalysis.dll".
       Task "Vbc"
         Setting DOTNET_ROOT to 'C:\Program Files\dotnet'
         Environment Variables passed to tool:
           DOTNET_ROOT=C:\Program Files\dotnet
         C:\Program Files\dotnet\sdk\10.0.301\Roslyn\bincore\vbc.exe /noconfig /imports:Microsoft.VisualBasic,System,System.Collections,System.Collections.Generic,System.Data,System.Drawing,System.Diagnostics,System.Windows.Forms,System.Linq,System.Xml.Linq,System.Threading.Tasks /optioncompare:Binary /optionexplicit+ /optionstrict:custom /nowarn:42016,41999,42017,42018,42019,42032,42036,42020,42021,42022 /optioninfer+ /nostdlib /platform:anycpu32bitpreferred /rootnamespace:ParkingSystemProject /sdkpath:"C:\Program Files (x86)\Reference Assemblies\Microsoft\Framework\.NETFramework\v4.7.2" /highentropyva+ /doc:obj\Debug\ParkingSystemProject.xml /define:"CONFIG=\"Debug\",DEBUG=-1,TRACE=-1,_MyType=\"WindowsForms\",PLATFORM=\"AnyCPU\"" /reference:C:\Users\reale\.nuget\packages\system.buffers\4.6.1\lib\net462\System.Buffers.dll,"C:\Program Files (x86)\Reference Assemblies\Microsoft\Framework\.NETFramework\v4.7.2\System.Core.dll","C:\Program Files (x86)\Reference Assemblies\Microsoft\Framework\.NETFramework\v4.7.2\System.Data.DataSetExtensions.dll","C:\Program Files (x86)\Reference Assemblies\Microsoft\Framework\.NETFramework\v4.7.2\System.Data.dll","C:\Program Files (x86)\Reference Assemblies\Microsoft\Framework\.NETFramework\v4.7.2\System.Deployment.dll","C:\Program Files (x86)\Reference Assemblies\Microsoft\Framework\.NETFramework\v4.7.2\System.dll","C:\Program Files (x86)\Reference Assemblies\Microsoft\Framework\.NETFramework\v4.7.2\System.Drawing.dll",C:\Users\reale\.nuget\packages\system.memory\4.6.3\lib\net462\System.Memory.dll,"C:\Program Files (x86)\Reference Assemblies\Microsoft\Framework\.NETFramework\v4.7.2\System.Net.Http.dll",C:\Users\reale\.nuget\packages\system.numerics.vectors\4.6.1\lib\net462\System.Numerics.Vectors.dll,C:\Users\reale\.nuget\packages\system.resources.extensions\4.6.0\lib\netstandard2.0\System.Resources.Extensions.dll,C:\Users\reale\.nuget\packages\system.runtime.compilerservices.unsafe\6.1.2\lib\net462\System.Runtime.CompilerServices.Unsafe.dll,"C:\Program Files (x86)\Reference Assemblies\Microsoft\Framework\.NETFramework\v4.7.2\System.Windows.Forms.dll","C:\Program Files (x86)\Reference Assemblies\Microsoft\Framework\.NETFramework\v4.7.2\System.Xml.dll","C:\Program Files (x86)\Reference Assemblies\Microsoft\Framework\.NETFramework\v4.7.2\System.Xml.Linq.dll","C:\Program Files (x86)\Reference Assemblies\Microsoft\Framework\.NETFramework\v4.7.2\Facades\netstandard.dll" /main:ParkingSystemProject.My.MyApplication /debug+ /debug:full /filealign:512 /out:obj\Debug\ParkingSystemProject.exe /subsystemversion:6.00 /resource:obj\Debug\ParkingSystemProject.DashBoardForm.resources /resource:obj\Debug\ParkingSystemProject.frmadmindashboard.resources /resource:obj\Debug\ParkingSystemProject.Form1.resources /resource:obj\Debug\ParkingSystemProject.Resources.resources /resource:obj\Debug\ParkingSystemProject.ParkingManagerForm.resources /resource:obj\Debug\ParkingSystemProject.SuccessDialogForm.resources /resource:obj\Debug\ParkingSystemProject.CheckoutDialog.resources /target:winexe /utf8output /deterministic+ ManageReservationDialogForm.Designer.vb ManageReservationDialogForm.vb ConfirmExitDialog.Designer.vb ConfirmExitDialog.vb CustomDialogs.vb DashBoardForm.Designer.vb CustomControls.vb frmaddteller.Designer.vb frmaddteller.vb SuccessDialogForm.vb RegisterForm.Designer.vb RegisterForm.vb DashBoardForm.vb DataStore.vb ReserveDialogForm.vb ReserveDialogForm.Designer.vb ClearDialogForm.vb ClearDialogForm.Designer.vb ConfirmActionDialogForm.vb ConfirmActionDialogForm.Designer.vb RateConfigDialogForm.vb RateConfigDialogForm.Designer.vb Form1.vb Form1.Designer.vb frmadmindashboard.vb frmadmindashboard.Designer.vb "My Project\AssemblyInfo.vb" "My Project\Application.Designer.vb" "My Project\Resources.Designer.vb" "My Project\Settings.Designer.vb" ParkingData.vb ParkingManagerForm.Designer.vb ParkingManagerForm.vb ThemeManager.vb SuccessDialogForm.Designer.vb CheckoutDialog.vb CheckoutDialog.Designer.vb "obj\Debug\.NETFramework,Version=v4.7.2.AssemblyAttributes.vb"
         Compilation request ParkingSystemProject, PathToTool=C:\Program Files\dotnet\sdk\10.0.301\Roslyn\bincore\vbc.exe
         CommandLine = ' /noconfig'
         BuildResponseFile = '/imports:Microsoft.VisualBasic,System,System.Collections,System.Collections.Generic,System.Data,System.Drawing,System.Diagnostics,System.Windows.Forms,System.Linq,System.Xml.Linq,System.Threading.Tasks /optioncompare:Binary /optionexplicit+ /optionstrict:custom /nowarn:42016,41999,42017,42018,42019,42032,42036,42020,42021,42022 /optioninfer+ /nostdlib /platform:anycpu32bitpreferred /rootnamespace:ParkingSystemProject /sdkpath:"C:\Program Files (x86)\Reference Assemblies\Microsoft\Framework\.NETFramework\v4.7.2" /highentropyva+ /doc:obj\Debug\ParkingSystemProject.xml /define:"CONFIG=\"Debug\",DEBUG=-1,TRACE=-1,_MyType=\"WindowsForms\",PLATFORM=\"AnyCPU\"" /reference:C:\Users\reale\.nuget\packages\system.buffers\4.6.1\lib\net462\System.Buffers.dll,"C:\Program Files (x86)\Reference Assemblies\Microsoft\Framework\.NETFramework\v4.7.2\System.Core.dll","C:\Program Files (x86)\Reference Assemblies\Microsoft\Framework\.NETFramework\v4.7.2\System.Data.DataSetExtensions.dll","C:\Program Files (x86)\Reference Assemblies\Microsoft\Framework\.NETFramework\v4.7.2\System.Data.dll","C:\Program Files (x86)\Reference Assemblies\Microsoft\Framework\.NETFramework\v4.7.2\System.Deployment.dll","C:\Program Files (x86)\Reference Assemblies\Microsoft\Framework\.NETFramework\v4.7.2\System.dll","C:\Program Files (x86)\Reference Assemblies\Microsoft\Framework\.NETFramework\v4.7.2\System.Drawing.dll",C:\Users\reale\.nuget\packages\system.memory\4.6.3\lib\net462\System.Memory.dll,"C:\Program Files (x86)\Reference Assemblies\Microsoft\Framework\.NETFramework\v4.7.2\System.Net.Http.dll",C:\Users\reale\.nuget\packages\system.numerics.vectors\4.6.1\lib\net462\System.Numerics.Vectors.dll,C:\Users\reale\.nuget\packages\system.resources.extensions\4.6.0\lib\netstandard2.0\System.Resources.Extensions.dll,C:\Users\reale\.nuget\packages\system.runtime.compilerservices.unsafe\6.1.2\lib\net462\System.Runtime.CompilerServices.Unsafe.dll,"C:\Program Files (x86)\Reference Assemblies\Microsoft\Framework\.NETFramework\v4.7.2\System.Windows.Forms.dll","C:\Program Files (x86)\Reference Assemblies\Microsoft\Framework\.NETFramework\v4.7.2\System.Xml.dll","C:\Program Files (x86)\Reference Assemblies\Microsoft\Framework\.NETFramework\v4.7.2\System.Xml.Linq.dll","C:\Program Files (x86)\Reference Assemblies\Microsoft\Framework\.NETFramework\v4.7.2\Facades\netstandard.dll" /main:ParkingSystemProject.My.MyApplication /debug+ /debug:full /filealign:512 /out:obj\Debug\ParkingSystemProject.exe /subsystemversion:6.00 /resource:obj\Debug\ParkingSystemProject.DashBoardForm.resources /resource:obj\Debug\ParkingSystemProject.frmadmindashboard.resources /resource:obj\Debug\ParkingSystemProject.Form1.resources /resource:obj\Debug\ParkingSystemProject.Resources.resources /resource:obj\Debug\ParkingSystemProject.ParkingManagerForm.resources /resource:obj\Debug\ParkingSystemProject.SuccessDialogForm.resources /resource:obj\Debug\ParkingSystemProject.CheckoutDialog.resources /target:winexe /utf8output /deterministic+ ManageReservationDialogForm.Designer.vb ManageReservationDialogForm.vb ConfirmExitDialog.Designer.vb ConfirmExitDialog.vb CustomDialogs.vb DashBoardForm.Designer.vb CustomControls.vb frmaddteller.Designer.vb frmaddteller.vb SuccessDialogForm.vb RegisterForm.Designer.vb RegisterForm.vb DashBoardForm.vb DataStore.vb ReserveDialogForm.vb ReserveDialogForm.Designer.vb ClearDialogForm.vb ClearDialogForm.Designer.vb ConfirmActionDialogForm.vb ConfirmActionDialogForm.Designer.vb RateConfigDialogForm.vb RateConfigDialogForm.Designer.vb Form1.vb Form1.Designer.vb frmadmindashboard.vb frmadmindashboard.Designer.vb "My Project\AssemblyInfo.vb" "My Project\Application.Designer.vb" "My Project\Resources.Designer.vb" "My Project\Settings.Designer.vb" ParkingData.vb ParkingManagerForm.Designer.vb ParkingManagerForm.vb ThemeManager.vb SuccessDialogForm.Designer.vb CheckoutDialog.vb CheckoutDialog.Designer.vb "obj\Debug\.NETFramework,Version=v4.7.2.AssemblyAttributes.vb"'
         Attempting to create process 'C:\Program Files\dotnet\sdk\10.0.301\Roslyn\bincore\VBCSCompiler.exe' "-pipename:D9P4bg0daMEpcuq0I74q3GSK2zyDAzAWVF1DiKRMXRA"
         Setting DOTNET_ROOT to 'C:\Program Files\dotnet'
         Successfully created process with process id 24192
         Attempt to open named pipe 'D9P4bg0daMEpcuq0I74q3GSK2zyDAzAWVF1DiKRMXRA'
         Attempt to connect named pipe 'D9P4bg0daMEpcuq0I74q3GSK2zyDAzAWVF1DiKRMXRA'
         Named pipe 'D9P4bg0daMEpcuq0I74q3GSK2zyDAzAWVF1DiKRMXRA' connected
         Begin writing request for ParkingSystemProject
         End writing request for ParkingSystemProject
         Begin reading response for ParkingSystemProject
         End reading response for ParkingSystemProject
         Microsoft (R) Visual Basic Compiler version 5.6.0-2.26270.133 (96856fd726ffd058fb3dfef0851dbafc7ef3b011)
         Copyright (C) Microsoft Corporation. All rights reserved.
         
   2:6>D:\Downloads\ParkingSystemProject 1 1\ParkingSystemProject 1 1\ParkingSystemProject 1\ParkingSystemProject\ParkingManagerForm.Designer.vb(1,1): error BC30481: 'Class' statement must end with a matching 'End Class'. [D:\Downloads\ParkingSystemProject 1 1\ParkingSystemProject 1 1\ParkingSystemProject 1\ParkingSystemProject\ParkingSystemProject.vbproj]
         
         <Global.Microsoft.VisualBasic.CompilerServices.DesignerGenerated()> _
         ~~~~~~~~~~~~~~~~~~~~~~~~~~~~~~~~~~~~~~~~~~~~~~~~~~~~~~~~~~~~~~~~~~~~~
         Partial Class ParkingManagerForm
         ~~~~~~~~~~~~~~~~~~~~~~~~~~~~~~~~
   2:6>D:\Downloads\ParkingSystemProject 1 1\ParkingSystemProject 1 1\ParkingSystemProject 1\ParkingSystemProject\ParkingManagerForm.Designer.vb(18,5): error BC30026: 'End Sub' expected. [D:\Downloads\ParkingSystemProject 1 1\ParkingSystemProject 1 1\ParkingSystemProject 1\ParkingSystemProject\ParkingSystemProject.vbproj]
         
             <System.Diagnostics.DebuggerStepThrough()> _
             ~~~~~~~~~~~~~~~~~~~~~~~~~~~~~~~~~~~~~~~~~~~~
             Private Sub InitializeComponent()
         ~~~~~~~~~~~~~~~~~~~~~~~~~~~~~~~~~~~~~
   2:6>D:\Downloads\ParkingSystemProject 1 1\ParkingSystemProject 1 1\ParkingSystemProject 1\ParkingSystemProject\ParkingManagerForm.Designer.vb(207,51): error BC30004: Character constant must contain exactly one character. [D:\Downloads\ParkingSystemProject 1 1\ParkingSystemProject 1 1\ParkingSystemProject 1\ParkingSystemProject\ParkingSystemProject.vbproj]
         
                 Me.lblCheckInTitle.Name = "lblCheckInTitle"
                                                           ~
                 Me.lblCheckInTitle.Size = New System.Drawing.Size(135, 21)
         ~~~~~~~~~~~~~~~~~~~~~~~~~~~~~~~~~~~~~~~~~~~~~~~~~~~~~~~~~~~~~~~~~~
                 Me.lblCheckInTitle.TabIndex = 0
         ~~~~~~~~~~~~~~~~~~~~~~~~~~~~~~~~~~~~~~~
                 Me.lblCheckInTitle.Text = "Check-in vehicle"
         ~~~~~~~~~~~~~~~~~~~~~~~~~~~~~~~~~~~~                
   2:6>D:\Downloads\ParkingSystemProject 1 1\ParkingSystemProject 1 1\ParkingSystemProject 1\ParkingSystemProject\ParkingManagerForm.Designer.vb(234,60): error BC30004: Character constant must contain exactly one character. [D:\Downloads\ParkingSystemProject 1 1\ParkingSystemProject 1 1\ParkingSystemProject 1\ParkingSystemProject\ParkingSystemProject.vbproj]
         
                 Me.cmbType.Font = New System.Drawing.Font("Segoe UI", 12.0!)
                                                                    ~~~~~~~~~
                 Me.cmbType.Items.AddRange(New Object() {"Car", "Motorcycle"})
         ~~~~~~~~~~~~~~~~~~~~~~~~~~~~~~~~~~~~~~~~~~~~~~~~~~                   
   2:6>D:\Downloads\ParkingSystemProject 1 1\ParkingSystemProject 1 1\ParkingSystemProject 1\ParkingSystemProject\ParkingManagerForm.Designer.vb(235,67): error BC30004: Character constant must contain exactly one character. [D:\Downloads\ParkingSystemProject 1 1\ParkingSystemProject 1 1\ParkingSystemProject 1\ParkingSystemProject\ParkingSystemProject.vbproj]
         
                 Me.cmbType.Items.AddRange(New Object() {"Car", "Motorcycle"})
                                                                           ~~~
                 Me.cmbType.Location = New System.Drawing.Point(18, 145)
         ~~~~~~~~~~~~~~~~~~~~~~~~~~~~~~~~~~~~~~~~~~~~~~~~~~~~~~~~~~~~~~~
                 Me.cmbType.Name = "cmbType"
         ~~~~~~~~~~~~~~~~~~~~~~~~~~~~       
   2:6>D:\Downloads\ParkingSystemProject 1 1\ParkingSystemProject 1 1\ParkingSystemProject 1\ParkingSystemProject\ParkingManagerForm.Designer.vb(249,68): error BC30004: Character constant must contain exactly one character. [D:\Downloads\ParkingSystemProject 1 1\ParkingSystemProject 1 1\ParkingSystemProject 1\ParkingSystemProject\ParkingSystemProject.vbproj]
         
                 Me.cboParkingSlots.Font = New System.Drawing.Font("Segoe UI", 12.0!)
                                                                            ~~~~~~~~~
                 Me.cboParkingSlots.Location = New System.Drawing.Point(18, 215)
         ~~~~~~~~~~~~~~~~~~~~~~~~~~~~~~~~~~~~~~~~~~~~~~~~~~~~~~~~~~~~~~~~~~~~~~~
                 Me.cboParkingSlots.Name = "cboParkingSlots"
         ~~~~~~~~~~~~~~~~~~~~~~~~~~~~~~~~~~~~               
   2:6>D:\Downloads\ParkingSystemProject 1 1\ParkingSystemProject 1 1\ParkingSystemProject 1\ParkingSystemProject\ParkingManagerForm.Designer.vb(303,53): error BC30004: Character constant must contain exactly one character. [D:\Downloads\ParkingSystemProject 1 1\ParkingSystemProject 1 1\ParkingSystemProject 1\ParkingSystemProject\ParkingSystemProject.vbproj]
         
                 Me.lblCheckOutTitle.Name = "lblCheckOutTitle"
                                                             ~
                 Me.lblCheckOutTitle.Size = New System.Drawing.Size(187, 21)
         ~~~~~~~~~~~~~~~~~~~~~~~~~~~~~~~~~~~~~~~~~~~~~~~~~~~~~~~~~~~~~~~~~~~
                 Me.lblCheckOutTitle.TabIndex = 0
         ~~~~~~~~~~~~~~~~~~~~~~~~~~~~~~~~~~~~~~~~
                 Me.lblCheckOutTitle.Text = "Checkout and payment"
         ~~~~~~~~~~~~~~~~~~~~~~~~~~~~~~~~~~~~~                    
   2:6>D:\Downloads\ParkingSystemProject 1 1\ParkingSystemProject 1 1\ParkingSystemProject 1\ParkingSystemProject\ParkingManagerForm.Designer.vb(307,67): error BC30004: Character constant must contain exactly one character. [D:\Downloads\ParkingSystemProject 1 1\ParkingSystemProject 1 1\ParkingSystemProject 1\ParkingSystemProject\ParkingSystemProject.vbproj]
         
                 Me.cboSearchPlate.Font = New System.Drawing.Font("Segoe UI", 12.0!)
                                                                           ~~~~~~~~~
                 Me.cboSearchPlate.Location = New System.Drawing.Point(18, 55)
         ~~~~~~~~~~~~~~~~~~~~~~~~~~~~~~~~~~~~~~~~~~~~~~~~~~~~~~~~~~~~~~~~~~~~~
                 Me.cboSearchPlate.MaxLength = 7
         ~~~~~~~~~~~~~~~~~~~~~~~~~~~~~~~~~~~~~~~
                 Me.cboSearchPlate.Name = "cboSearchPlate"
         ~~~~~~~~~~~~~~~~~~~~~~~~~~~~~~~~~~~              
   2:6>D:\Downloads\ParkingSystemProject 1 1\ParkingSystemProject 1 1\ParkingSystemProject 1\ParkingSystemProject\ParkingManagerForm.Designer.vb(334,83): error BC30004: Character constant must contain exactly one character. [D:\Downloads\ParkingSystemProject 1 1\ParkingSystemProject 1 1\ParkingSystemProject 1\ParkingSystemProject\ParkingSystemProject.vbproj]
         
                 Me.cmbDiscount.Items.AddRange(New Object() {"None", "Senior Citizen", "PWD"})
                                                                                           ~~~
                 Me.cmbDiscount.Location = New System.Drawing.Point(18, 125)
         ~~~~~~~~~~~~~~~~~~~~~~~~~~~~~~~~~~~~~~~~~~~~~~~~~~~~~~~~~~~~~~~~~~~
                 Me.cmbDiscount.Name = "cmbDiscount"
         ~~~~~~~~~~~~~~~~~~~~~~~~~~~~~~~~           
   2:6>D:\Downloads\ParkingSystemProject 1 1\ParkingSystemProject 1 1\ParkingSystemProject 1\ParkingSystemProject\ParkingManagerForm.Designer.vb(346,39): error BC30037: Character is not valid. [D:\Downloads\ParkingSystemProject 1 1\ParkingSystemProject 1 1\ParkingSystemProject 1\ParkingSystemProject\ParkingSystemProject.vbproj]
         
                 Me.lblFee.Text = "Total fee: â‚±0.00"
                                               ~      
   2:6>D:\Downloads\ParkingSystemProject 1 1\ParkingSystemProject 1 1\ParkingSystemProject 1\ParkingSystemProject\ParkingManagerForm.Designer.vb(346,40): error BC30037: Character is not valid. [D:\Downloads\ParkingSystemProject 1 1\ParkingSystemProject 1 1\ParkingSystemProject 1\ParkingSystemProject\ParkingSystemProject.vbproj]
         
                 Me.lblFee.Text = "Total fee: â‚±0.00"
                                                ~     
   2:6>D:\Downloads\ParkingSystemProject 1 1\ParkingSystemProject 1 1\ParkingSystemProject 1\ParkingSystemProject\ParkingManagerForm.Designer.vb(364,39): error BC30004: Character constant must contain exactly one character. [D:\Downloads\ParkingSystemProject 1 1\ParkingSystemProject 1 1\ParkingSystemProject 1\ParkingSystemProject\ParkingSystemProject.vbproj]
         
                 Me.lblChange.Name = "lblChange"
                                               ~
                 Me.lblChange.Size = New System.Drawing.Size(104, 19)
         ~~~~~~~~~~~~~~~~~~~~~~~~~~~~~~~~~~~~~~~~~~~~~~~~~~~~~~~~~~~~
                 Me.lblChange.TabIndex = 8
         ~~~~~~~~~~~~~~~~~~~~~~~~~~~~~~~~~
                 Me.lblChange.Text = "Change: â‚±0.00"
         ~~~~~~~~~~~~~~~~~~~~~~~~~~~~~~               
   2:6>D:\Downloads\ParkingSystemProject 1 1\ParkingSystemProject 1 1\ParkingSystemProject 1\ParkingSystemProject\ParkingManagerForm.Designer.vb(367,39): error BC30037: Character is not valid. [D:\Downloads\ParkingSystemProject 1 1\ParkingSystemProject 1 1\ParkingSystemProject 1\ParkingSystemProject\ParkingSystemProject.vbproj]
         
                 Me.lblChange.Text = "Change: â‚±0.00"
                                               ~      
   2:6>D:\Downloads\ParkingSystemProject 1 1\ParkingSystemProject 1 1\ParkingSystemProject 1\ParkingSystemProject\ParkingManagerForm.Designer.vb(367,40): error BC30037: Character is not valid. [D:\Downloads\ParkingSystemProject 1 1\ParkingSystemProject 1 1\ParkingSystemProject 1\ParkingSystemProject\ParkingSystemProject.vbproj]
         
                 Me.lblChange.Text = "Change: â‚±0.00"
                                                ~     
   2:6>D:\Downloads\ParkingSystemProject 1 1\ParkingSystemProject 1 1\ParkingSystemProject 1\ParkingSystemProject\ParkingManagerForm.Designer.vb(393,35): error BC30648: String constants must end with a double quote. [D:\Downloads\ParkingSystemProject 1 1\ParkingSystemProject 1 1\ParkingSystemProject 1\ParkingSystemProject\ParkingSystemProject.vbproj]
         
                 Me.Text = "Teller terminal"
                                           ~
                 Me.pnlHeader.ResumeLayout(False)
         ~~~~~~~~~~~~~~~~~~~~~~~~~~~~~~~~~~~~~~~~
                 Me.pnlHeader.PerformLayout()
         ~~~~~~~~~~~~~~~~~~~~~~~~~~~~~~~~~~~~
                 Me.pnlStatAvailCar.ResumeLayout(False)
         ~~~~~~~~~~~~~~~~~~~~~~~~~~~~~~~~~~~~~~~~~~~~~~
                 Me.pnlStatAvailCar.PerformLayout()
         ~~~~~~~~~~~~~~~~~~~~~~~~~~~~~~~~~~~~~~~~~~
                 Me.pnlStatOccCar.ResumeLayout(False)
         ~~~~~~~~~~~~~~~~~~~~~~~~~~~~~~~~~~~~~~~~~~~~
                 Me.pnlStatOccCar.PerformLayout()
         ~~~~~~~~~~~~~~~~~~~~~~~~~~~~~~~~~~~~~~~~
                 Me.pnlStatAvailMoto.ResumeLayout(False)
         ~~~~~~~~~~~~~~~~~~~~~~~~~~~~~~~~~~~~~~~~~~~~~~~
                 Me.pnlStatAvailMoto.PerformLayout()
         ~~~~~~~~~~~~~~~~~~~~~~~~~~~~~~~~~~~~~~~~~~~
                 Me.pnlStatOccMoto.ResumeLayout(False)
         ~~~~~~~~~~~~~~~~~~~~~~~~~~~~~~~~~~~~~~~~~~~~~
                 Me.pnlStatOccMoto.PerformLayout()
         ~~~~~~~~~~~~~~~~~~~~~~~~~~~~~~~~~~~~~~~~~
                 Me.pnlCardCheckIn.ResumeLayout(False)
         ~~~~~~~~~~~~~~~~~~~~~~~~~~~~~~~~~~~~~~~~~~~~~
                 Me.pnlCardCheckIn.PerformLayout()
         ~~~~~~~~~~~~~~~~~~~~~~~~~~~~~~~~~~~~~~~~~
                 Me.pnlCardCheckOut.ResumeLayout(False)
         ~~~~~~~~~~~~~~~~~~~~~~~~~~~~~~~~~~~~~~~~~~~~~~
                 Me.pnlCardCheckOut.PerformLayout()
         ~~~~~~~~~~~~~~~~~~~~~~~~~~~~~~~~~~~~~~~~~~
                 Me.ResumeLayout(False)
         ~~~~~~~~~~~~~~~~~~~~~~~~~~~~~~
         
         
             End Sub
         ~~~~~~~~~~~
         
         
             Friend WithEvents pnlHeader As System.Windows.Forms.Panel
         ~~~~~~~~~~~~~~~~~~~~~~~~~~~~~~~~~~~~~~~~~~~~~~~~~~~~~~~~~~~~~
             Friend WithEvents lblHeaderTitle As System.Windows.Forms.Label
         ~~~~~~~~~~~~~~~~~~~~~~~~~~~~~~~~~~~~~~~~~~~~~~~~~~~~~~~~~~~~~~~~~~
             Friend WithEvents btnExit As System.Windows.Forms.Button
         ~~~~~~~~~~~~~~~~~~~~~~~~~~~~~~~~~~~~~~~~~~~~~~~~~~~~~~~~~~~~
         
         
             Friend WithEvents pnlStatAvailCar As System.Windows.Forms.Panel
         ~~~~~~~~~~~~~~~~~~~~~~~~~~~~~~~~~~~~~~~~~~~~~~~~~~~~~~~~~~~~~~~~~~~
             Friend WithEvents lblStatAvailCarTitle As System.Windows.Forms.Label
         ~~~~~~~~~~~~~~~~~~~~~~~~~~~~~~~~~~~~~~~~~~~~~~~~~~~~~~~~~~~~~~~~~~~~~~~~
             Friend WithEvents lblStatAvailCarVal As System.Windows.Forms.Label
         ~~~~~~~~~~~~~~~~~~~~~~~~~~~~~~~~~~~~~~~~~~~~~~~~~~~~~~~~~~~~~~~~~~~~~~
         
         
             Friend WithEvents pnlStatOccCar As System.Windows.Forms.Panel
         ~~~~~~~~~~~~~~~~~~~~~~~~~~~~~~~~~~~~~~~~~~~~~~~~~~~~~~~~~~~~~~~~~
             Friend WithEvents lblStatOccCarTitle As System.Windows.Forms.Label
         ~~~~~~~~~~~~~~~~~~~~~~~~~~~~~~~~~~~~~~~~~~~~~~~~~~~~~~~~~~~~~~~~~~~~~~
             Friend WithEvents lblStatOccCarVal As System.Windows.Forms.Label
         ~~~~~~~~~~~~~~~~~~~~~~~~~~~~~~~~~~~~~~~~~~~~~~~~~~~~~~~~~~~~~~~~~~~~
         
         
             Friend WithEvents pnlStatAvailMoto As System.Windows.Forms.Panel
         ~~~~~~~~~~~~~~~~~~~~~~~~~~~~~~~~~~~~~~~~~~~~~~~~~~~~~~~~~~~~~~~~~~~~
             Friend WithEvents lblStatAvailMotoTitle As System.Windows.Forms.Label
         ~~~~~~~~~~~~~~~~~~~~~~~~~~~~~~~~~~~~~~~~~~~~~~~~~~~~~~~~~~~~~~~~~~~~~~~~~
             Friend WithEvents lblStatAvailMotoVal As System.Windows.Forms.Label
         ~~~~~~~~~~~~~~~~~~~~~~~~~~~~~~~~~~~~~~~~~~~~~~~~~~~~~~~~~~~~~~~~~~~~~~~
         
         
             Friend WithEvents pnlStatOccMoto As System.Windows.Forms.Panel
         ~~~~~~~~~~~~~~~~~~~~~~~~~~~~~~~~~~~~~~~~~~~~~~~~~~~~~~~~~~~~~~~~~~
             Friend WithEvents lblStatOccMotoTitle As System.Windows.Forms.Label
         ~~~~~~~~~~~~~~~~~~~~~~~~~~~~~~~~~~~~~~~~~~~~~~~~~~~~~~~~~~~~~~~~~~~~~~~
             Friend WithEvents lblStatOccMotoVal As System.Windows.Forms.Label
         ~~~~~~~~~~~~~~~~~~~~~~~~~~~~~~~~~~~~~~~~~~~~~~~~~~~~~~~~~~~~~~~~~~~~~
         
         
             Friend WithEvents pnlCardCheckIn As ParkingSystemProject.RoundedPanel
         ~~~~~~~~~~~~~~~~~~~~~~~~~~~~~~~~~~~~~~~~~~~~~~~~~~~~~~~~~~~~~~~~~~~~~~~~~
             Friend WithEvents lblCheckInTitle As System.Windows.Forms.Label
         ~~~~~~~~~~~~~~~~~~~~~~~~~~~~~~~~~~~~~~~~~~~~~~~~~~~~~~~~~~~~~~~~~~~
             Friend WithEvents lblPlateNum As System.Windows.Forms.Label
         ~~~~~~~~~~~~~~~~~~~~~~~~~~~~~~~~~~~~~~~~~~~~~~~~~~~~~~~~~~~~~~~
             Friend WithEvents txtPlateNumber As System.Windows.Forms.TextBox
         ~~~~~~~~~~~~~~~~~~~~~~~~~~~~~~~~~~~~~~~~~~~~~~~~~~~~~~~~~~~~~~~~~~~~
             Friend WithEvents lblVehType As System.Windows.Forms.Label
         ~~~~~~~~~~~~~~~~~~~~~~~~~~~~~~~~~~~~~~~~~~~~~~~~~~~~~~~~~~~~~~
             Friend WithEvents cmbType As System.Windows.Forms.ComboBox
         ~~~~~~~~~~~~~~~~~~~~~~~~~~~~~~~~~~~~~~~~~~~~~~~~~~~~~~~~~~~~~~
             Friend WithEvents lblSelectSlot As System.Windows.Forms.Label
         ~~~~~~~~~~~~~~~~~~~~~~~~~~~~~~~~~~~~~~~~~~~~~~~~~~~~~~~~~~~~~~~~~
             Friend WithEvents cboParkingSlots As System.Windows.Forms.ComboBox
         ~~~~~~~~~~~~~~~~~~~~~~~~~~~~~~~~~~~~~~~~~~~~~~~~~~~~~~~~~~~~~~~~~~~~~~
             Friend WithEvents lblSlotStatusTitle As System.Windows.Forms.Label
         ~~~~~~~~~~~~~~~~~~~~~~~~~~~~~~~~~~~~~~~~~~~~~~~~~~~~~~~~~~~~~~~~~~~~~~
             Friend WithEvents lblSlotStatus As System.Windows.Forms.Label
         ~~~~~~~~~~~~~~~~~~~~~~~~~~~~~~~~~~~~~~~~~~~~~~~~~~~~~~~~~~~~~~~~~
             Friend WithEvents btnPark As System.Windows.Forms.Button
         ~~~~~~~~~~~~~~~~~~~~~~~~~~~~~~~~~~~~~~~~~~~~~~~~~~~~~~~~~~~~
         
         
             Friend WithEvents pnlCardCheckOut As ParkingSystemProject.RoundedPanel
         ~~~~~~~~~~~~~~~~~~~~~~~~~~~~~~~~~~~~~~~~~~~~~~~~~~~~~~~~~~~~~~~~~~~~~~~~~~
             Friend WithEvents lblCheckOutTitle As System.Windows.Forms.Label
         ~~~~~~~~~~~~~~~~~~~~~~~~~~~~~~~~~~~~~~~~~~~~~~~~~~~~~~~~~~~~~~~~~~~~
             Friend WithEvents cboSearchPlate As System.Windows.Forms.ComboBox
         ~~~~~~~~~~~~~~~~~~~~~~~~~~~~~~~~~~~~~~~~~~~~~~~~~~~~~~~~~~~~~~~~~~~~~
             Friend WithEvents btnSearch As System.Windows.Forms.Button
         ~~~~~~~~~~~~~~~~~~~~~~~~~~~~~~~~~~~~~~~~~~~~~~~~~~~~~~~~~~~~~~
             Friend WithEvents lblDiscount As System.Windows.Forms.Label
         ~~~~~~~~~~~~~~~~~~~~~~~~~~~~~~~~~~~~~~~~~~~~~~~~~~~~~~~~~~~~~~~
             Friend WithEvents cmbDiscount As System.Windows.Forms.ComboBox
         ~~~~~~~~~~~~~~~~~~~~~~~~~~~~~~~~~~~~~~~~~~~~~~~~~~~~~~~~~~~~~~~~~~
             Friend WithEvents lblFee As System.Windows.Forms.Label
         ~~~~~~~~~~~~~~~~~~~~~~~~~~~~~~~~~~~~~~~~~~~~~~~~~~~~~~~~~~
             Friend WithEvents lblAmtPaid As System.Windows.Forms.Label
         ~~~~~~~~~~~~~~~~~~~~~~~~~~~~~~~~~~~~~~~~~~~~~~~~~~~~~~~~~~~~~~
             Friend WithEvents txtAmountPaid As System.Windows.Forms.TextBox
         ~~~~~~~~~~~~~~~~~~~~~~~~~~~~~~~~~~~~~~~~~~~~~~~~~~~~~~~~~~~~~~~~~~~
             Friend WithEvents lblChange As System.Windows.Forms.Label
         ~~~~~~~~~~~~~~~~~~~~~~~~~~~~~~~~~~~~~~~~~~~~~~~~~~~~~~~~~~~~~
             Friend WithEvents btnProcessPayment As System.Windows.Forms.Button
         ~~~~~~~~~~~~~~~~~~~~~~~~~~~~~~~~~~~~~~~~~~~~~~~~~~~~~~~~~~~~~~~~~~~~~~
         End Class
         ~~~~~~~~~
         
         CompilerServer: server - server processed compilation - ParkingSystemProject
       Done executing task "Vbc" -- FAILED.
   2:6>Done building target "CoreCompile" in project "ParkingSystemProject.vbproj" -- FAILED.
   2:6>Target "_CheckForCompileOutputs" in file "C:\Program Files\dotnet\sdk\10.0.301\Microsoft.Common.CurrentVersion.targets" from project "D:\Downloads\ParkingSystemProject 1 1\ParkingSystemProject 1 1\ParkingSystemProject 1\ParkingSystemProject\ParkingSystemProject.vbproj" (target "_CleanGetCurrentAndPriorFileWrites" depends on it):
   2:6>Done building target "_CheckForCompileOutputs" in project "ParkingSystemProject.vbproj".
   2:6>Target "_CleanGetCurrentAndPriorFileWrites" in file "C:\Program Files\dotnet\sdk\10.0.301\Microsoft.Common.CurrentVersion.targets" from project "D:\Downloads\ParkingSystemProject 1 1\ParkingSystemProject 1 1\ParkingSystemProject 1\ParkingSystemProject\ParkingSystemProject.vbproj" (target "_CleanRecordFileWrites" depends on it):
       Using "ReadLinesFromFile" task from assembly "Microsoft.Build.Tasks.Core, Version=15.1.0.0, Culture=neutral, PublicKeyToken=b03f5f7f11d50a3a".
       Task "ReadLinesFromFile"
       Done executing task "ReadLinesFromFile".
       Task "ConvertToAbsolutePath"
       Done executing task "ConvertToAbsolutePath".
       Using "FindUnderPath" task from assembly "Microsoft.Build.Tasks.Core, Version=15.1.0.0, Culture=neutral, PublicKeyToken=b03f5f7f11d50a3a".
       Task "FindUnderPath"
         Comparison path is "D:\Downloads\ParkingSystemProject 1 1\ParkingSystemProject 1 1\ParkingSystemProject 1\ParkingSystemProject".
       Done executing task "FindUnderPath".
       Task "FindUnderPath"
         Comparison path is "bin\Debug\".
       Done executing task "FindUnderPath".
       Task "FindUnderPath"
         Comparison path is "obj\Debug\".
       Done executing task "FindUnderPath".
       Task "RemoveDuplicates"
       Done executing task "RemoveDuplicates".
   2:6>Done building target "_CleanGetCurrentAndPriorFileWrites" in project "ParkingSystemProject.vbproj".
   2:6>Target "_CleanRecordFileWrites" in file "C:\Program Files\dotnet\sdk\10.0.301\Microsoft.Common.CurrentVersion.targets" from project "D:\Downloads\ParkingSystemProject 1 1\ParkingSystemProject 1 1\ParkingSystemProject 1\ParkingSystemProject\ParkingSystemProject.vbproj" (target "CoreBuild" depends on it):
       Task "RemoveDuplicates"
       Done executing task "RemoveDuplicates".
       Task "MakeDir"
       Done executing task "MakeDir".
       Task "WriteLinesToFile"
         Skipping write to file "obj\Debug\ParkingSystemProject.vbproj.FileListAbsolute.txt" because content would not change.
       Done executing task "WriteLinesToFile".
   2:6>Done building target "_CleanRecordFileWrites" in project "ParkingSystemProject.vbproj".
   2:6>Done Building Project "D:\Downloads\ParkingSystemProject 1 1\ParkingSystemProject 1 1\ParkingSystemProject 1\ParkingSystemProject\ParkingSystemProject.vbproj" (default targets) -- FAILED.
   1:2>Done executing task "MSBuild" -- FAILED.
   1:2>Done building target "Build" in project "ParkingSystemProject.slnx" -- FAILED.
   1:2>Done Building Project "D:\Downloads\ParkingSystemProject 1 1\ParkingSystemProject 1 1\ParkingSystemProject 1\ParkingSystemProject\ParkingSystemProject.slnx" (default targets) -- FAILED.

Build FAILED.

       "D:\Downloads\ParkingSystemProject 1 1\ParkingSystemProject 1 1\ParkingSystemProject 1\ParkingSystemProject\ParkingSystemProject.slnx" (default target) (1:2) ->
       "D:\Downloads\ParkingSystemProject 1 1\ParkingSystemProject 1 1\ParkingSystemProject 1\ParkingSystemProject\ParkingSystemProject.vbproj" (default target) (2:6) ->
       (CoreCompile target) -> 
         D:\Downloads\ParkingSystemProject 1 1\ParkingSystemProject 1 1\ParkingSystemProject 1\ParkingSystemProject\ParkingManagerForm.Designer.vb(1,1): error BC30481: 'Class' statement must end with a matching 'End Class'. [D:\Downloads\ParkingSystemProject 1 1\ParkingSystemProject 1 1\ParkingSystemProject 1\ParkingSystemProject\ParkingSystemProject.vbproj]
         D:\Downloads\ParkingSystemProject 1 1\ParkingSystemProject 1 1\ParkingSystemProject 1\ParkingSystemProject\ParkingManagerForm.Designer.vb(18,5): error BC30026: 'End Sub' expected. [D:\Downloads\ParkingSystemProject 1 1\ParkingSystemProject 1 1\ParkingSystemProject 1\ParkingSystemProject\ParkingSystemProject.vbproj]
         D:\Downloads\ParkingSystemProject 1 1\ParkingSystemProject 1 1\ParkingSystemProject 1\ParkingSystemProject\ParkingManagerForm.Designer.vb(207,51): error BC30004: Character constant must contain exactly one character. [D:\Downloads\ParkingSystemProject 1 1\ParkingSystemProject 1 1\ParkingSystemProject 1\ParkingSystemProject\ParkingSystemProject.vbproj]
         D:\Downloads\ParkingSystemProject 1 1\ParkingSystemProject 1 1\ParkingSystemProject 1\ParkingSystemProject\ParkingManagerForm.Designer.vb(234,60): error BC30004: Character constant must contain exactly one character. [D:\Downloads\ParkingSystemProject 1 1\ParkingSystemProject 1 1\ParkingSystemProject 1\ParkingSystemProject\ParkingSystemProject.vbproj]
         D:\Downloads\ParkingSystemProject 1 1\ParkingSystemProject 1 1\ParkingSystemProject 1\ParkingSystemProject\ParkingManagerForm.Designer.vb(235,67): error BC30004: Character constant must contain exactly one character. [D:\Downloads\ParkingSystemProject 1 1\ParkingSystemProject 1 1\ParkingSystemProject 1\ParkingSystemProject\ParkingSystemProject.vbproj]
         D:\Downloads\ParkingSystemProject 1 1\ParkingSystemProject 1 1\ParkingSystemProject 1\ParkingSystemProject\ParkingManagerForm.Designer.vb(249,68): error BC30004: Character constant must contain exactly one character. [D:\Downloads\ParkingSystemProject 1 1\ParkingSystemProject 1 1\ParkingSystemProject 1\ParkingSystemProject\ParkingSystemProject.vbproj]
         D:\Downloads\ParkingSystemProject 1 1\ParkingSystemProject 1 1\ParkingSystemProject 1\ParkingSystemProject\ParkingManagerForm.Designer.vb(303,53): error BC30004: Character constant must contain exactly one character. [D:\Downloads\ParkingSystemProject 1 1\ParkingSystemProject 1 1\ParkingSystemProject 1\ParkingSystemProject\ParkingSystemProject.vbproj]
         D:\Downloads\ParkingSystemProject 1 1\ParkingSystemProject 1 1\ParkingSystemProject 1\ParkingSystemProject\ParkingManagerForm.Designer.vb(307,67): error BC30004: Character constant must contain exactly one character. [D:\Downloads\ParkingSystemProject 1 1\ParkingSystemProject 1 1\ParkingSystemProject 1\ParkingSystemProject\ParkingSystemProject.vbproj]
         D:\Downloads\ParkingSystemProject 1 1\ParkingSystemProject 1 1\ParkingSystemProject 1\ParkingSystemProject\ParkingManagerForm.Designer.vb(334,83): error BC30004: Character constant must contain exactly one character. [D:\Downloads\ParkingSystemProject 1 1\ParkingSystemProject 1 1\ParkingSystemProject 1\ParkingSystemProject\ParkingSystemProject.vbproj]
         D:\Downloads\ParkingSystemProject 1 1\ParkingSystemProject 1 1\ParkingSystemProject 1\ParkingSystemProject\ParkingManagerForm.Designer.vb(346,39): error BC30037: Character is not valid. [D:\Downloads\ParkingSystemProject 1 1\ParkingSystemProject 1 1\ParkingSystemProject 1\ParkingSystemProject\ParkingSystemProject.vbproj]
         D:\Downloads\ParkingSystemProject 1 1\ParkingSystemProject 1 1\ParkingSystemProject 1\ParkingSystemProject\ParkingManagerForm.Designer.vb(346,40): error BC30037: Character is not valid. [D:\Downloads\ParkingSystemProject 1 1\ParkingSystemProject 1 1\ParkingSystemProject 1\ParkingSystemProject\ParkingSystemProject.vbproj]
         D:\Downloads\ParkingSystemProject 1 1\ParkingSystemProject 1 1\ParkingSystemProject 1\ParkingSystemProject\ParkingManagerForm.Designer.vb(364,39): error BC30004: Character constant must contain exactly one character. [D:\Downloads\ParkingSystemProject 1 1\ParkingSystemProject 1 1\ParkingSystemProject 1\ParkingSystemProject\ParkingSystemProject.vbproj]
         D:\Downloads\ParkingSystemProject 1 1\ParkingSystemProject 1 1\ParkingSystemProject 1\ParkingSystemProject\ParkingManagerForm.Designer.vb(367,39): error BC30037: Character is not valid. [D:\Downloads\ParkingSystemProject 1 1\ParkingSystemProject 1 1\ParkingSystemProject 1\ParkingSystemProject\ParkingSystemProject.vbproj]
         D:\Downloads\ParkingSystemProject 1 1\ParkingSystemProject 1 1\ParkingSystemProject 1\ParkingSystemProject\ParkingManagerForm.Designer.vb(367,40): error BC30037: Character is not valid. [D:\Downloads\ParkingSystemProject 1 1\ParkingSystemProject 1 1\ParkingSystemProject 1\ParkingSystemProject\ParkingSystemProject.vbproj]
         D:\Downloads\ParkingSystemProject 1 1\ParkingSystemProject 1 1\ParkingSystemProject 1\ParkingSystemProject\ParkingManagerForm.Designer.vb(393,35): error BC30648: String constants must end with a double quote. [D:\Downloads\ParkingSystemProject 1 1\ParkingSystemProject 1 1\ParkingSystemProject 1\ParkingSystemProject\ParkingSystemProject.vbproj]

    0 Warning(s)
    15 Error(s)

Time Elapsed 00:00:01.48
